Column1,FY,Year,WorkCenter,AdminNum,Equipment,Serial,WorkOrder,Type,Priority,ProjectCode,Description,Created.on,Release.date,Comp.Date,Material,Cost,credit,Date,vehicle,month,CBMS,jbpds,rws,majComponent,days
513,FY20,20,WH8DAA,71-122,1011279723,NBC-0111-11,1007908949,PM01,1,,Fluid Transfer System,2/11/20,,2/19/20,14818579,0,,Feb-20,122,2,FALSE,FALSE,FALSE,0,
2,FY17,17,WH8DAA,71-121,1011279686,NBC-0109-11,1000860110,PM01,1,,BRAKE LIGHT INOP,10/12/16,,10/12/16,14818579,0,,Oct-16,121,10,FALSE,FALSE,FALSE,0,
3,FY17,17,10019890,71-121,1011279686,NBC-0109-11,1000860389,PM01,2,,BAWS INSTAKE MISSING 2 SILVER MODULES,10/12/16,,10/12/16,14818579,0,,Oct-16,121,10,FALSE,TRUE,FALSE,1,
4,FY17,17,10019890,71-121,1011279686,NBC-0109-11,1000860387,PM01,2,,M88 TUBES BROKEN,10/12/16,,9/13/17,14818579,0,,Oct-16,121,10,FALSE,FALSE,FALSE,0,
5,FY17,17,WH8DAA,71-111,1011279664,NBC-0108-11,1000860109,PM01,3,,SEAL ON DRIVERS HATCH INOP,10/12/16,,5/3/17,14818579,24.95,,Oct-16,111,10,FALSE,FALSE,FALSE,0,
6,FY17,17,WH8DAA,71-121,1011279686,NBC-0109-11,1000860120,PM01,3,,SURVEYOR WORKSTATION LOCKING KNOB M,10/12/16,,7/5/17,14818579,72.1,,Oct-16,121,10,FALSE,FALSE,FALSE,0,
7,FY17,17,WH8DAA,71-111,1011279664,NBC-0108-11,1000860107,PM01,3,,HATCH SPRING D/S INOP,10/12/16,,4/24/17,14818579,263,,Oct-16,111,10,FALSE,FALSE,FALSE,0,
8,FY17,17,WH8DAA,71-111,1011279664,NBC-0108-11,1000861147,PM01,3,,SEAL ON D/S HATCH INOP,10/13/16,,10/13/16,14818579,0,,Oct-16,111,10,FALSE,FALSE,FALSE,0,
9,FY17,17,10019890,71-121,1011279686,NBC-0109-11,1000861047,PM01,3,,FCU DOES NOT DISPLAY NIGHT MODE,10/13/16,,10/13/16,14818579,0,,Oct-16,121,10,FALSE,FALSE,FALSE,0,
506,FY20,20,WH8DAA,71-122,1011279723,NBC-0111-11,1007798275,PM01,2,,Vial Calibration inop,1/28/20,,2/19/20,14818579,459,,Jan-20,122,1,FALSE,FALSE,FALSE,0,
11,FY17,17,WH8DAA,71-111,1011279664,NBC-0108-11,1000867901,PM01,1,,FCU IN & OUT OF OPERATION,10/14/16,,10/19/16,14818579,0,,Oct-16,111,10,FALSE,FALSE,FALSE,0,
12,FY17,17,WH8DAA,71-121,1011279686,NBC-0109-11,1000889144,PM01,1,,TIM INOP,10/20/16,,11/2/16,14818579,0,,Oct-16,121,10,FALSE,FALSE,FALSE,0,
13,FY17,17,WH8DAA,71-121,1011279686,NBC-0109-11,1000921143,PM01,2,,NITROGEN NEEDED FOR MAINTENANCE,11/1/16,,11/1/16,14818579,0,,Nov-16,121,11,FALSE,FALSE,FALSE,0,
14,FY17,17,WH8DAA,71-111,1011279664,NBC-0108-11,1000933722,PM01,2,,NITROGEN NEEDED FOR MAINTENANCE,11/3/16,,9/7/17,14818579,0,,Nov-16,111,11,FALSE,FALSE,FALSE,0,
15,FY17,17,WH8DAA,71-121,1011279686,NBC-0109-11,1000933458,PM01,2,,NITROGEN NEEDED FOR MAINTENANCE,11/3/16,,9/13/17,14818579,0,,Nov-16,121,11,FALSE,FALSE,FALSE,0,
16,FY17,17,WH8DAA,71-112,1011279704,NBC-0110-11,1000933456,PM01,2,,NITROGEN NEEDED FOR MAINTENANCE,11/3/16,,9/13/17,14818579,0,,Nov-16,112,11,FALSE,FALSE,FALSE,0,
497,FY20,20,WH8DAA,71-122,1011279723,NBC-0111-11,1007757638,PM01,2,,Vial Calibration inop,1/23/20,,1/28/20,14818579,0,,Jan-20,122,1,FALSE,FALSE,FALSE,0,
18,FY17,17,WH8DAA,71-111,1011279664,NBC-0108-11,1000933724,PM01,2,,STRYKER CANOPY MISSING,11/3/16,,5/3/17,14818579,9040.19,,Nov-16,111,11,FALSE,FALSE,FALSE,0,
19,FY17,17,WH8DAA,71-121,1011279686,NBC-0109-11,1000933459,PM01,2,,STRYKER CANOPY MISSING,11/3/16,,5/3/17,14818579,9040.19,,Nov-16,121,11,FALSE,FALSE,FALSE,0,
20,FY17,17,WH8DAA,71-112,1011279704,NBC-0110-11,1000933457,PM01,2,,STRYKER CANOPY MISSING,11/3/16,,5/3/17,14818579,9040.19,,Nov-16,112,11,FALSE,FALSE,FALSE,0,
500,FY20,20,WH8DAA,71-122,1011279723,NBC-0111-11,1007757639,PM01,1,,Collector assembly inop,1/23/20,,2/19/20,14818579,0,,Jan-20,122,1,FALSE,FALSE,FALSE,0,
22,FY18,18,WH8DAA,71-121,1011279686,NBC-0109-11,1000939529,PM01,2,,RWS TEST KIT,11/6/16,,1/20/18,14818579,0,,Nov-16,121,11,FALSE,FALSE,TRUE,1,
23,FY17,17,WH8DAA,71-111,1011279664,NBC-0108-11,1001302971,PM01,2,,DECK LID MISSING HARDWARE,2/24/17,,4/10/17,14818579,0,,Feb-17,111,2,FALSE,FALSE,FALSE,0,
24,FY17,17,WH8DAA,71-111,1011279664,NBC-0108-11,1001453733,PM01,1,,HYDRAULIC LEAK,3/28/17,,4/4/17,14818579,0,,Mar-17,111,3,FALSE,FALSE,FALSE,0,
25,FY17,17,WH8DAA,71-111,1011279664,NBC-0108-11,1001487164,PM01,1,,HYDRAULIC LEAK,4/4/17,,6/9/17,14818579,1787,,Apr-17,111,4,FALSE,FALSE,FALSE,0,
26,FY17,17,WH8DAA,71-121,1011279686,NBC-0109-11,1001514099,PM01,1,,AFES EXTINGUISHERS AT 0 PSI,4/11/17,,7/28/17,14818579,6391,,Apr-17,121,4,FALSE,FALSE,FALSE,0,
27,FY17,17,WH8DAA,71-112,1011279704,NBC-0110-11,1001514100,PM01,1,,SURVEYOR DOOR BENT,4/11/17,,6/15/17,14818579,30235.71,,Apr-17,112,4,FALSE,FALSE,FALSE,0,
28,FY17,17,WH8DAA,71-111,1011279664,NBC-0108-11,1001554649,PM01,2,,DECK LID MISSING HARDWARE,4/17/17,,6/9/17,14818579,24.24,,Apr-17,111,4,FALSE,FALSE,FALSE,0,
29,FY17,17,WH8DAA,71-121,1011279686,NBC-0109-11,1001554902,PM01,2,,VC HATCH SPRING BROKEN,4/18/17,,8/24/17,14818579,237,,Apr-17,121,4,FALSE,FALSE,FALSE,0,
501,FY20,20,WH8DAA,71-122,1011279723,NBC-0111-11,1007757637,PM01,2,,Vial assembly inop,1/23/20,1/23/20,,14818579,0,,Jan-20,122,1,FALSE,FALSE,FALSE,0,
31,FY17,17,WH8DAA,71-111,1011279664,NBC-0108-11,1001567796,PM01,2,,GEAR SELECTOR IS NOT SECURED PROPERLY,4/19/17,,8/16/17,14818579,0,,Apr-17,111,4,FALSE,FALSE,FALSE,0,
491,FY20,20,WH8DAA,71-122,1011279723,NBC-0111-11,1007705587,PM01,1,,Thermal imaging moduel inop,1/14/20,,1/14/20,14818579,0,,Jan-20,122,1,FALSE,FALSE,FALSE,0,
33,FY17,17,WH8DAA,71-111,1011279664,NBC-0108-11,1001585899,PM01,1,,D/S HATCH SPRING INOP,4/24/17,,6/15/17,14818579,263,,Apr-17,111,4,FALSE,FALSE,FALSE,0,
34,FY17,17,WH8DAA,71-111,1011279664,NBC-0108-11,1001632147,PM01,3,,(M) BUTTON ON AFES,5/3/17,,5/3/17,14818579,0,,May-17,111,5,FALSE,FALSE,FALSE,0,
35,FY17,17,WH8DAA,71-111,1011279664,NBC-0108-11,1001632144,PM01,3,,MISSING GUIDE WALL BUFFER INSIDE AMMO BX,5/3/17,,5/3/17,14818579,0,,May-17,111,5,FALSE,FALSE,FALSE,0,
36,FY17,17,WH8DAA,71-112,1011279704,NBC-0110-11,1001768632,PM01,1,,FOUND COOLANT IN DRAINPLUG,5/31/17,,8/15/17,14818579,0,,May-17,112,5,FALSE,FALSE,FALSE,0,
37,FY17,17,WH8DAA,71-112,1011279704,NBC-0110-11,1001768631,PM01,1,,CLASS I HUB LEAK 2ND TIRE L/S,5/31/17,,8/15/17,14818579,0,,May-17,112,5,FALSE,FALSE,FALSE,0,
38,FY17,17,WH8DAA,71-121,1011279686,NBC-0109-11,1001768623,PM01,1,,CMBS SCREEN FROZEN AT START UP,5/31/17,,8/24/17,14818579,0,,May-17,121,5,FALSE,FALSE,FALSE,0,
39,FY17,17,WH8DAA,71-121,1011279686,NBC-0109-11,1001768630,PM01,1,,DRIVER SEAT BELT SECUIRTY LOCK STICKING,5/31/17,,9/12/17,14818579,0,,May-17,121,5,FALSE,FALSE,FALSE,0,
40,FY17,17,WH8DAA,71-121,1011279686,NBC-0109-11,1001768628,PM01,1,,UDR-13 DOES NOT RECIEVE POWER FROM DOCK,5/31/17,,9/12/17,14818579,0,,May-17,121,5,FALSE,FALSE,FALSE,0,
41,FY17,17,WH8DAA,71-121,1011279686,NBC-0109-11,1001768624,PM01,1,,2ND MIDDLE TIRE TRED LOW ON DRIVER SIDE,5/31/17,,9/12/17,14818579,0,,May-17,121,5,FALSE,FALSE,FALSE,0,
42,FY17,17,WH8DAA,71-121,1011279686,NBC-0109-11,1001768625,PM01,1,,2ND MIDDLE AND REAR TIRE TRED LOW ON R/S,5/31/17,,9/12/17,14818579,0,,May-17,121,5,FALSE,FALSE,FALSE,0,
43,FY17,17,WH8DAA,71-121,1011279686,NBC-0109-11,1001768626,PM01,2,,FBCB2 OPERATING SYSTEM NOT FOUND,5/31/17,,9/12/17,14818579,0,,May-17,121,5,FALSE,FALSE,FALSE,0,
44,FY17,17,WH8DAA,71-121,1011279686,NBC-0109-11,1001768629,PM01,1,,CHEMICAL PROBE HEAD AND MEMBRANE MISSING,5/31/17,,9/12/17,14818579,0,,May-17,121,5,FALSE,FALSE,FALSE,0,
492,FY20,20,WH8DAA,71-122,1011279723,NBC-0111-11,1007706550,PM01,1,, Fluid transfer system,1/14/20,,1/22/20,14818579,0,,Jan-20,122,1,FALSE,FALSE,FALSE,0,
494,FY20,20,WH8DAA,71-122,1011279723,NBC-0111-11,1007705583,PM01,1,,Chem prob inop,1/14/20,,2/20/20,14818579,13179,,Jan-20,122,1,FALSE,FALSE,FALSE,0,
47,FY18,18,WH8DAA,71-112,1011279704,NBC-0110-11,1001768633,PM01,1,,REAR AIR PSI NOT REACHING MAX,5/31/17,,1/9/18,14818579,286,,May-17,112,5,FALSE,FALSE,FALSE,0,
48,FY17,17,WH8DAA,71-111,1011279664,NBC-0108-11,1001842572,PM01,1,,ALTERNATOR INOP,6/9/17,,6/19/17,14818579,0,,Jun-17,111,6,FALSE,FALSE,FALSE,0,
49,FY17,17,WH8DAA,71-121,1011279686,NBC-0109-11,1001872712,PM01,1,,ALTERNATOR INOP,6/15/17,,7/28/17,14818579,0,,Jun-17,121,6,FALSE,FALSE,FALSE,0,
50,FY17,17,WH8DAA,71-111,1011279664,NBC-0108-11,1001952467,PM01,1,,ALTERNATOR OVERCHARGING/W452 CABLE INOP,6/30/17,,7/18/17,14818579,223,,Jun-17,111,6,FALSE,FALSE,FALSE,0,
51,FY18,18,WH8DAA,71-111,1011279664,NBC-0108-11,1001959635,PM01,1,,LEFT ENGINE COVER SUPPORT SPRING BROKEN,7/5/17,,10/21/17,14818579,44.78,,Jul-17,111,7,FALSE,FALSE,FALSE,0,
52,FY18,18,WH8DAA,71-112,1011279704,NBC-0110-11,1001959637,PM01,1,,R/S FIRST TIRE TREAD DEPTH LOW,7/5/17,,2/13/18,14818579,2081,,Jul-17,112,7,FALSE,FALSE,FALSE,0,
496,FY20,20,WH8DAA,71-122,1011279723,NBC-0111-11,1007706869,PM01,1,,Thermal imaging system inop,1/14/20,,1/22/20,14818579,49338,,Jan-20,122,1,FALSE,FALSE,FALSE,0,
485,FY20,20,WH8DAA,71-122,1011279723,NBC-0111-11,1007694142,PM01,1,,Collector assembly,1/13/20,,1/13/20,14818579,0,,Jan-20,122,1,FALSE,FALSE,FALSE,0,
55,FY17,17,WH8DAA,71-111,1011279664,NBC-0108-11,1002173805,PM01,3,,AMMO BOX MISSING MOUNT SCREW,8/10/17,,9/13/17,14818579,0,,Aug-17,111,8,FALSE,FALSE,FALSE,0,
486,FY20,20,WH8DAA,71-122,1011279723,NBC-0111-11,1007693996,PM01,1,,Fluid transfer system,1/13/20,,1/13/20,14818579,0,,Jan-20,122,1,FALSE,FALSE,FALSE,0,
57,FY18,18,WH8DAA,71-111,1011279664,NBC-0108-11,1002186657,PM01,1,,OVERCHARGING,8/14/17,,10/10/17,14818579,496,,Aug-17,111,8,FALSE,FALSE,FALSE,0,
58,FY17,17,WH8DAA,71-112,1011279704,NBC-0110-11,2001031694,PM02,A,,AFQ-Annual,8/15/17,,8/15/17,14818579,0,,Aug-17,112,8,FALSE,FALSE,FALSE,0,
59,FY17,17,WH8DAA,71-121,1011279686,NBC-0109-11,2001046627,PM02,A,,AFQ-Annual,8/18/17,,8/23/17,14818579,0,,Aug-17,121,8,FALSE,FALSE,FALSE,0,
60,FY17,17,WH8DAA,71-121,1011279686,NBC-0109-11,1002236404,PM01,1,,HMS DOES NOT FUNCTION PROPERLY,8/21/17,,8/23/17,14818579,0,,Aug-17,121,8,FALSE,FALSE,FALSE,0,
488,FY20,20,WH8DAA,71-122,1011279723,NBC-0111-11,1007694364,PM01,1,,Fluid transfer system,1/13/20,,1/14/20,14818579,0,,Jan-20,122,1,FALSE,FALSE,FALSE,0,
62,FY17,17,WH8DAA,71-121,1011279686,NBC-0109-11,1002265302,PM01,3,,DWSS MALFUNCTION,8/24/17,,9/12/17,14818579,0,,Aug-17,121,8,FALSE,FALSE,FALSE,0,
63,FY18,18,WH8DAA,71-111,1011279664,NBC-0108-11,1002263772,PM01,1,,BARREL CAP (M),8/24/17,,10/21/17,14818579,59.6,,Aug-17,111,8,FALSE,FALSE,FALSE,0,
490,FY20,20,WH8DAA,71-122,1011279723,NBC-0111-11,1007694362,PM01,1,,Collector assembly,1/13/20,,1/22/20,14818579,22524,,Jan-20,122,1,FALSE,FALSE,FALSE,0,
65,FY18,18,WH8DAA,71-112,1011279704,NBC-0110-11,1002365037,PM01,1,,ENGINE AFES BOOTLE DISCHARGED E-8,9/12/17,,10/2/17,14818579,0,,Sep-17,112,9,FALSE,FALSE,FALSE,0,
66,FY18,18,WH8DAA,71-112,1011279704,NBC-0110-11,1002365367,PM01,1,,(R) CLAMSHELL DOOR SEAL TORN,9/12/17,,10/10/17,14818579,0,,Sep-17,112,9,FALSE,FALSE,FALSE,0,
67,FY18,18,WH8DAA,71-112,1011279704,NBC-0110-11,1002365430,PM02,1,,CBMS SERVICE ITEM,9/12/17,,1/25/18,14818579,0,,Sep-17,112,9,TRUE,FALSE,FALSE,1,
68,FY18,18,WH8DAA,71-112,1011279704,NBC-0110-11,1002365040,PM01,1,,"AFES SEAL MISSING(E-7), (E-8)",9/12/17,,10/10/17,14818579,1.8,,Sep-17,112,9,FALSE,FALSE,FALSE,0,
69,FY18,18,WH8DAA,71-112,1011279704,NBC-0110-11,1002365370,PM01,1,,GLOVE PORT SEAL DRYROTTED,9/12/17,,2/8/18,14818579,27.14,,Sep-17,112,9,FALSE,FALSE,FALSE,0,
70,FY18,18,WH8DAA,71-112,1011279704,NBC-0110-11,1002365372,PM01,1,,DRIVERS HATCH SEAL TORN,9/12/17,,10/11/17,14818579,27.61,,Sep-17,112,9,FALSE,FALSE,FALSE,0,
493,FY20,20,WH8DAA,71-112,1011279704,NBC-0110-11,1007706541,PM01,2,,CBMS CI and CAL Vials inop,1/14/20,,2/19/20,14818579,443,,Jan-20,112,1,TRUE,FALSE,FALSE,1,
72,FY18,18,WH8DAA,71-112,1011279704,NBC-0110-11,1002365436,PM02,1,,JBPDS SERVICE ITEM,9/12/17,,2/8/18,14818579,106.22,,Sep-17,112,9,FALSE,TRUE,FALSE,1,
73,FY18,18,WH8DAA,71-112,1011279704,NBC-0110-11,1002365364,PM01,1,,(R) CLAMSHELL HATCH HYDRO CYLINDER BROKE,9/12/17,,10/11/17,14818579,752.28,,Sep-17,112,9,FALSE,FALSE,FALSE,0,
74,FY17,17,WH8DAA,71-112,1011279704,NBC-0110-11,1002365435,PM02,1,,CBMS SERVICE ITEM,9/12/17,,9/28/17,14818579,2164,,Sep-17,112,9,TRUE,FALSE,FALSE,1,
75,FY18,18,WH8DAA,71-112,1011279704,NBC-0110-11,1002365034,PM01,1,,ENGINE AFES BOOTLE DISCHARGED E-7,9/12/17,,10/10/17,14818579,3247,,Sep-17,112,9,FALSE,FALSE,FALSE,0,
76,FY18,18,WH8DAA,71-111,1011279664,NBC-0108-11,1002365686,PM01,1,,(R) CLAMSHELL DOOR SEAL TORN,9/13/17,,10/19/17,14818579,0,,Sep-17,111,9,FALSE,FALSE,FALSE,0,
479,FY20,20,WH8DAA,71-122,1011279723,NBC-0111-11,1007433010,PM01,2,,FCU DOES NOT DISPLAY FIRING INHIBIT ZONE,11/21/19,,11/21/19,14818579,0,,Nov-19,122,11,FALSE,FALSE,FALSE,0,
480,FY20,20,WH8DAA,71-122,1011279723,NBC-0111-11,1007433126,PM01,2,,FIRE EXTINGUISHER MISSING SAFETY PIN,11/21/19,,11/21/19,14818579,0,,Nov-19,122,11,FALSE,FALSE,FALSE,0,
481,FY20,20,WH8DAA,71-122,1011279723,NBC-0111-11,1007433130,PM01,2,,FRONT LEFT HMS SENSOR INOP,11/21/19,,11/21/19,14818579,0,,Nov-19,122,11,FALSE,FALSE,FALSE,0,
80,FY18,18,WH8DAA,71-121,1011279686,NBC-0109-11,1002365941,PM01,1,,DRIVER HATCH SEAL TORN,9/13/17,,10/2/17,14818579,27.61,,Sep-17,121,9,FALSE,FALSE,FALSE,0,
81,FY18,18,WH8DAA,71-121,1011279686,NBC-0109-11,1002365944,PM02,1,,JBPDS SERVICE ITEM,9/13/17,,5/2/18,14818579,36.25,,Sep-17,121,9,FALSE,TRUE,FALSE,1,
82,FY18,18,WH8DAA,71-111,1011279664,NBC-0108-11,1002365692,PM02,1,,JBPDS SERVICE ITEM,9/13/17,,10/21/17,14818579,106.22,,Sep-17,111,9,FALSE,TRUE,FALSE,1,
83,FY18,18,WH8DAA,71-122,1011279723,NBC-0111-11,1002365949,PM02,1,,JBPDS SERVICE ITEM,9/13/17,,6/12/18,14818579,182.69,,Sep-17,122,9,FALSE,TRUE,FALSE,1,
391,FY19,19,WH8DAA,71-111,1011279664,NBC-0108-11,1005580208,PM01,2,,FTS DEGRADED,2/23/19,,3/13/19,14818579,0,,Feb-19,111,2,FALSE,TRUE,FALSE,1,30
85,FY18,18,WH8DAA,71-122,1011279723,NBC-0111-11,1002365948,PM02,1,,CBMS SERVICE ITEM,9/13/17,,10/19/17,14818579,1198,,Sep-17,122,9,TRUE,FALSE,FALSE,1,
86,FY18,18,WH8DAA,71-111,1011279664,NBC-0108-11,1002365691,PM02,1,,CBMS SERVICE ITEM,9/13/17,,10/21/17,14818579,2107,,Sep-17,111,9,TRUE,FALSE,FALSE,1,
87,FY18,18,WH8DAA,71-121,1011279686,NBC-0109-11,1002365942,PM02,1,,CBMS SERVICE ITEM,9/13/17,,12/12/17,14818579,2107,,Sep-17,121,9,TRUE,FALSE,FALSE,1,
88,FY18,18,WH8DAA,71-121,1011279686,NBC-0109-11,1002402432,PM01,1,,NEEDS BATTERIES,9/15/17,,10/2/17,14818579,0,,Sep-17,121,9,FALSE,FALSE,FALSE,0,
89,FY18,18,WH8DAA,71-121,1011279686,NBC-0109-11,1002402429,PM01,1,,TIRES WORN,9/15/17,,12/12/17,14818579,10405,,Sep-17,121,9,FALSE,FALSE,FALSE,0,
90,FY18,18,WH8DAA,71-112,1011279704,NBC-0110-11,1002485315,PM01,1,,POWER CABLE FOR M88 IN BROKEN,9/28/17,,1/23/18,14818579,585,,Sep-17,112,9,FALSE,FALSE,FALSE,0,
482,FY20,20,WH8DAA,71-122,1011279723,NBC-0111-11,1007433122,PM01,3,,STRAINING SCREW MISSING,11/21/19,,11/21/19,14818579,0,,Nov-19,122,11,FALSE,FALSE,FALSE,0,
92,FY18,18,WH8DAA,71-112,1011279704,NBC-0110-11,1002485303,PM01,1,,UDR-13 IS NOT POWERING IN BOX,9/28/17,,1/23/18,14818579,3217.64,,Sep-17,112,9,FALSE,FALSE,FALSE,0,
455,FY20,20,WH8DAA,71-122,1011279723,NBC-0111-11,1007115005,PM01,2,,HMS Rear Sensor (Left) Inop,10/4/19,,11/21/19,14818579,3517,,Oct-19,122,10,FALSE,FALSE,FALSE,0,
456,FY20,20,WH8DAA,71-122,1011279723,NBC-0111-11,1007115003,PM01,2,,HMS Rear Sensor (Right) Inop,10/4/19,,11/6/19,14818579,3586,,Oct-19,122,10,FALSE,FALSE,FALSE,0,
95,FY18,18,WH8DAA,71-112,1011279704,NBC-0110-11,1002537334,PM02,1,,SERVICE ITEM FOR JBPDS,10/11/17,,5/29/18,14818579,0,,Oct-17,112,10,FALSE,TRUE,FALSE,1,
96,FY18,18,WH8DAA,71-121,1011279686,NBC-0109-11,1002537337,PM02,1,,SERVICE ITEM FOR JBPDS,10/11/17,,6/12/18,14818579,0,,Oct-17,121,10,FALSE,TRUE,FALSE,1,
97,FY18,18,WH8DAA,71-122,1011279723,NBC-0111-11,1002537338,PM02,1,,SERVICE ITEM FOR JBPDS,10/11/17,,6/12/18,14818579,0,,Oct-17,122,10,FALSE,TRUE,FALSE,1,
98,FY20,20,WH8DAA,71-111,1011279664,NBC-0108-11,1002537333,PM02,1,,SERVICE ITEM FOR JBPDS,10/11/17,10/11/17,,14818579,0,,Oct-17,111,10,FALSE,TRUE,FALSE,1,
99,FY18,18,WH8DAA,71-121,1011279686,NBC-0109-11,1002537586,PM01,1,,AFES E-7 BOOTLE ADAPTER,10/11/17,,1/25/18,14818579,11.25,,Oct-17,121,10,FALSE,FALSE,FALSE,0,
100,FY18,18,WH8DAA,71-111,1011279664,NBC-0108-11,1002537582,PM01,1,,GUNNER HATCH SEAL TORN,10/11/17,,10/21/17,14818579,26.46,,Oct-17,111,10,FALSE,FALSE,FALSE,0,
101,FY18,18,WH8DAA,71-121,1011279686,NBC-0109-11,1002537584,PM01,1,,GUNNER HATCH SEAL TORN,10/11/17,,1/20/18,14818579,26.46,,Oct-17,121,10,FALSE,FALSE,FALSE,0,
102,FY18,18,WH8DAA,71-112,1011279704,NBC-0110-11,1002537583,PM01,1,,GUNNER HATCH SEAL TORN,10/11/17,,2/8/18,14818579,26.46,,Oct-17,112,10,FALSE,FALSE,FALSE,0,
103,FY18,18,WH8DAA,71-112,1011279704,NBC-0110-11,1002537587,PM01,1,,GREEN OPERATIONAL LIGHT ON CCOP,10/11/17,,5/29/18,14818579,65.18,,Oct-17,112,10,FALSE,FALSE,FALSE,0,
167,FY18,18,WH8DAA,71-121,1011279686,NBC-0109-11,1003262367,PM01,1,,JBPDS IDENTIFIER INOP,2/13/18,,4/20/18,14818579,43279,,Feb-18,121,2,FALSE,TRUE,FALSE,1,489
105,FY18,18,WH8DAA,71-111,1011279664,NBC-0108-11,1002581440,PM01,1,,PACK RELEASE FUEL LINE RUPTURED,10/18/17,,11/9/17,14818579,63.39,,Oct-17,111,10,FALSE,FALSE,FALSE,0,
434,FY19,19,WH8DAA,71-122,1011279723,NBC-0111-11,1006555072,PM01,3,,ROLL PIN MISSING ON CAMO SCREEN RACK,7/17/19,,7/17/19,14818579,0,,Jul-19,122,7,FALSE,FALSE,FALSE,0,
431,FY19,19,WH8DAA,71-122,1011279723,NBC-0111-11,1006310956,PM01,1,,TESTING ITEMS FOR M88,6/6/19,,7/17/19,14818579,202,,Jun-19,122,6,FALSE,FALSE,FALSE,0,
426,FY20,20,WH8DAA,71-122,1011279723,NBC-0111-11,1006253402,PM01,2,,GROUND STRAP FRAYED ON METSMAN,5/30/19,,11/21/19,14818579,8.95,,May-19,122,5,FALSE,FALSE,FALSE,0,
109,FY18,18,WH8DAA,71-122,1011279723,NBC-0111-11,2001234715,PM02,A,,AFQ-Annual,10/22/17,,11/22/17,14818579,0,,Oct-17,122,10,FALSE,FALSE,FALSE,0,
110,FY18,18,WH8DAA,71-121,1011279686,NBC-0109-11,1002741563,PM01,1,,(M) DAGR POWER CABLE,11/14/17,,12/12/17,14818579,255.54,,Nov-17,121,11,FALSE,FALSE,FALSE,0,
111,FY18,18,WH8DAA,71-111,1011279664,NBC-0108-11,1002741642,PM01,1,,(M) DAGR POWER CABLE,11/14/17,,12/27/17,14818579,255.54,,Nov-17,111,11,FALSE,FALSE,FALSE,0,
112,FY18,18,WH8DAA,71-112,1011279704,NBC-0110-11,1002741641,PM01,1,,(M) DAGR POWER CABLE,11/14/17,,12/27/17,14818579,255.54,,Nov-17,112,11,FALSE,FALSE,FALSE,0,
427,FY20,20,WH8DAA,71-122,1011279723,NBC-0111-11,1006253401,PM01,2,,AMMO BOX MOUNTING SCREWS MISSING,5/30/19,,11/21/19,14818579,613.84,,May-19,122,5,FALSE,FALSE,FALSE,0,
114,FY18,18,WH8DAA,71-112,1011279704,NBC-0110-11,1002824676,PM01,1,,R/S FIRST TIRE TREAD DEPTH LOW,11/28/17,,6/12/18,14818579,0,,Nov-17,112,11,FALSE,FALSE,FALSE,0,
115,FY18,18,WH8DAA,71-111,1011279664,NBC-0108-11,1002916197,PM01,1,,UDR-13 BOX INOP,12/11/17,,6/20/18,14818579,3217.64,,Dec-17,111,12,FALSE,FALSE,FALSE,0,
421,FY19,19,B25A0BMN,71-122,1011279723,NBC-0111-11,1006139741,PM01,2,,remove drain pluggs,5/10/19,,5/20/19,14818579,0,,May-19,122,5,FALSE,FALSE,FALSE,0,
117,FY18,18,WH8DAA,71-121,1011279686,NBC-0109-11,1002916648,PM01,1,,COLLECTER STACK (M) CLAMP,12/12/17,,1/20/18,14818579,1.52,,Dec-17,121,12,FALSE,FALSE,FALSE,0,
118,FY18,18,WH8DAA,71-112,1011279704,NBC-0110-11,1002974008,PM01,1,,EXSAUST FAN MOTOR SHAFT BENT,12/22/17,,1/23/18,14818579,0,,Dec-17,112,12,FALSE,FALSE,FALSE,0,
119,FY18,18,WH8DAA,71-121,1011279686,NBC-0109-11,1002974132,PM01,1,,PIONEER RACK DAMAGE,12/22/17,,1/20/18,14818579,145.45,,Dec-17,121,12,FALSE,FALSE,FALSE,0,
120,FY18,18,WH8DAA,71-111,1011279664,NBC-0108-11,1002984625,PM01,1,,HOSE ASSEMBLY,12/28/17,,1/23/18,14818579,151.41,,Dec-17,111,12,FALSE,FALSE,FALSE,0,
121,FY18,18,WH8DAA,71-121,1011279686,NBC-0109-11,1002984624,PM01,2,,WIRE ROPE INOP,12/28/17,,6/12/18,14818579,1178.7,,Dec-17,121,12,FALSE,FALSE,FALSE,0,
122,FY18,18,WH8DAA,71-111,1011279664,NBC-0108-11,1002986721,PM01,1,,STRIKER HYDRAULIC HOSES NEED REFERBISHED,12/29/17,,3/1/18,14818579,0,,Dec-17,111,12,FALSE,FALSE,FALSE,0,
123,FY18,18,WH8DAA,71-111,1011279664,NBC-0108-11,1002998064,PM01,1,,STRIKER HYDRAULIC HOSES NEED REFERBISHED,1/3/18,,1/23/18,14818579,0,,Jan-18,111,1,FALSE,FALSE,FALSE,0,
124,FY18,18,6XPA0BZ1,71-111,1011279664,NBC-0108-11,7000137149,PM07,1,0D0,FABRICATE HOSES,1/4/18,,1/5/18,14818579,0,,Jan-18,111,1,FALSE,FALSE,FALSE,0,
125,FY18,18,WH8DAA,71-121,1011279686,NBC-0109-11,1003116344,PM01,1,,TIRE WORN ON D/S,1/24/18,,6/12/18,14818579,0,,Jan-18,121,1,FALSE,FALSE,FALSE,0,
126,FY18,18,WH8DAA,71-121,1011279686,NBC-0109-11,1003116342,PM01,1,,AIR DISCHARGE BLOCK INOP,1/24/18,,6/12/18,14818579,0,,Jan-18,121,1,FALSE,FALSE,FALSE,0,
415,FY19,19,WH8DAA,71-122,1011279723,NBC-0111-11,1006122060,PM01,1,,SEIZED 2 CENTER DRAIN PLUGS,5/9/19,,5/30/19,14818579,444.48,,May-19,122,5,FALSE,FALSE,FALSE,0,
128,FY18,18,WH8DAA,71-122,1011279723,NBC-0111-11,1003132868,PM02,1,,CBMS SERVICE ITEM,1/25/18,,2/6/18,14818579,0,,Jan-18,122,1,TRUE,FALSE,FALSE,1,
129,FY18,18,WH8DAA,71-121,1011279686,NBC-0109-11,1003132316,PM01,1,,SURVEYOR TRAY CLIP BROKEN,1/25/18,,5/2/18,14818579,0,,Jan-18,121,1,FALSE,FALSE,FALSE,0,
130,FY18,18,WH8DAA,71-121,1011279686,NBC-0109-11,1003132311,PM01,1,,TRANSMISSION HATCH BROKEN,1/25/18,,5/2/18,14818579,0,,Jan-18,121,1,FALSE,FALSE,FALSE,0,
131,FY18,18,WH8DAA,71-121,1011279686,NBC-0109-11,1003132306,PM01,1,,REAR DECK DOOR HANDLE INOP,1/25/18,,5/2/18,14818579,0,,Jan-18,121,1,FALSE,FALSE,FALSE,0,
132,FY18,18,WH8DAA,71-111,1011279664,NBC-0108-11,1003131328,PM01,1,,WATER RATION HEATER INOP,1/25/18,,6/12/18,14818579,0,,Jan-18,111,1,FALSE,FALSE,FALSE,0,
133,FY18,18,WH8DAA,71-111,1011279664,NBC-0108-11,1003131764,PM02,1,,CBMS SERVICE ITEMS,1/25/18,,6/12/18,14818579,0,,Jan-18,111,1,TRUE,FALSE,FALSE,1,
134,FY18,18,WH8DAA,71-121,1011279686,NBC-0109-11,1003132541,PM01,1,,4 STUCK DRAIN PLUGS,1/25/18,,6/12/18,14818579,0,,Jan-18,121,1,FALSE,FALSE,FALSE,0,
135,FY18,18,WH8DAA,71-121,1011279686,NBC-0109-11,1003132313,PM01,1,,CIRCUIT BREAKER 1 BROKEN,1/25/18,,6/12/18,14818579,0,,Jan-18,121,1,FALSE,FALSE,FALSE,0,
417,FY20,20,WH8DAA,71-122,1011279723,NBC-0111-11,1006122059,PM01,2,,rear hatch shocks worn,5/9/19,,11/21/19,14818579,760,,May-19,122,5,FALSE,FALSE,FALSE,0,
137,FY18,18,WH8DAA,71-111,1011279664,NBC-0108-11,1003131620,PM01,1,,METSMAN BROKEN GROUND STRAP,1/25/18,,3/1/18,14818579,18.02,,Jan-18,111,1,FALSE,FALSE,FALSE,0,
138,FY18,18,WH8DAA,71-111,1011279664,NBC-0108-11,1003131326,PM01,1,,LEFT ENGINE COVER STRUT BROKEN,1/25/18,,3/8/18,14818579,22.39,,Jan-18,111,1,FALSE,FALSE,FALSE,0,
320,FY19,19,WH8DAA,71-122,1011279723,NBC-0111-11,1005230603,PM01,1,,FTS INOP,12/28/18,,1/16/19,14818579,29866,,Dec-18,122,12,FALSE,TRUE,FALSE,1,609
140,FY18,18,WH8DAA,71-112,1011279704,NBC-0110-11,1003132556,PM01,1,,REAR AIR TANK NOT REACHING MAX PSI,1/25/18,,3/8/18,14818579,286,,Jan-18,112,1,FALSE,FALSE,FALSE,0,
141,FY18,18,WH8DAA,71-111,1011279664,NBC-0108-11,1003131603,PM01,1,,(M) CTIS COVER L/S TIRE #4,1/25/18,,3/1/18,14818579,353,,Jan-18,111,1,FALSE,FALSE,FALSE,0,
142,FY18,18,WH8DAA,71-112,1011279704,NBC-0110-11,1003232326,PM01,1,,STORM GROUNDING CABLE BROKEN,2/8/18,,2/8/18,14818579,0,,Feb-18,112,2,FALSE,FALSE,FALSE,0,
143,FY18,18,WH8DAA,71-112,1011279704,NBC-0110-11,1003232338,PM02,1,,JBPDS COLLECTECTOR INOP,2/8/18,,5/29/18,14818579,0,,Feb-18,112,2,FALSE,TRUE,FALSE,1,
144,FY18,18,WH8DAA,71-112,1011279704,NBC-0110-11,1003232759,PM02,1,,JBPDS IDENTIFIER INOP,2/8/18,,5/29/18,14818579,0,,Feb-18,112,2,FALSE,TRUE,FALSE,1,
145,FY18,18,WH8DAA,71-112,1011279704,NBC-0110-11,1003232944,PM01,1,,SPG MOUNTING SCREW MISSINF,2/8/18,,6/12/18,14818579,0,,Feb-18,112,2,FALSE,FALSE,FALSE,0,
146,FY18,18,WH8DAA,71-112,1011279704,NBC-0110-11,1003232744,PM01,1,,GLOVE PORT SEAL DRYROTTED,2/8/18,,6/12/18,14818579,0,,Feb-18,112,2,FALSE,FALSE,FALSE,0,
147,FY18,18,WH8DAA,71-112,1011279704,NBC-0110-11,1003232941,PM02,1,,JBPDS FTS INOP,2/8/18,,6/12/18,14818579,0,,Feb-18,112,2,FALSE,TRUE,FALSE,1,
148,FY18,18,WH8DAA,71-112,1011279704,NBC-0110-11,1003232755,PM01,1,,STORM COVER MISSING SCREW LEFT SIDE,2/8/18,,6/12/18,14818579,0,,Feb-18,112,2,FALSE,FALSE,FALSE,0,
149,FY18,18,WH8DAA,71-112,1011279704,NBC-0110-11,1003232757,PM01,1,,METSMAN GROUNDING CABLE FRAYED,2/8/18,,6/12/18,14818579,0,,Feb-18,112,2,FALSE,FALSE,FALSE,0,
150,FY18,18,WH8DAA,71-112,1011279704,NBC-0110-11,1003232750,PM01,1,,SURVEYOR NBC SPG LOCKING KNOB BROKEN,2/8/18,,6/12/18,14818579,0,,Feb-18,112,2,FALSE,FALSE,FALSE,0,
151,FY18,18,WH8DAA,71-112,1011279704,NBC-0110-11,1003232752,PM02,1,,JBPDS JCA INOP,2/8/18,,7/3/18,14818579,0,,Feb-18,112,2,FALSE,TRUE,FALSE,1,
318,FY19,19,WH8DAA,71-112,1011279704,NBC-0110-11,1005228104,PM01,1,,JBPDS COLLECTOR INOP,12/27/18,,1/24/19,14818579,23298,,Dec-18,112,12,FALSE,TRUE,FALSE,1,317
153,FY18,18,WH8DAA,71-111,1011279664,NBC-0108-11,1003234596,PM01,1,,REAR AIR INTAKE,2/9/18,,3/8/18,14818579,0,,Feb-18,111,2,FALSE,FALSE,FALSE,0,
154,FY18,18,WH8DAA,71-111,1011279664,NBC-0108-11,1003234542,PM02,1,,JBPDS COLLECTOR INOP,2/9/18,,6/12/18,14818579,0,,Feb-18,111,2,FALSE,TRUE,FALSE,1,
155,FY18,18,WH8DAA,71-111,1011279664,NBC-0108-11,1003234599,PM01,1,,(M) INLET COLLECTOR,2/9/18,,6/12/18,14818579,0,,Feb-18,111,2,FALSE,FALSE,FALSE,0,
156,FY18,18,WH8DAA,71-111,1011279664,NBC-0108-11,1003234662,PM01,1,,COLLECTOR STACK DAMAGED,2/9/18,,6/12/18,14818579,2190,,Feb-18,111,2,FALSE,FALSE,FALSE,0,
157,FY18,18,WH8DAA,71-112,1011279704,NBC-0110-11,1003241540,PM01,1,,INLET HOSE BROKEN FOR M88,2/10/18,,6/12/18,14818579,0,,Feb-18,112,2,FALSE,FALSE,FALSE,0,
158,FY18,18,WH8DAA,71-121,1011279686,NBC-0109-11,1003262368,PM01,1,,JBPDS FLUID TRANSFER SYSTEM INOP,2/13/18,,5/2/18,14818579,0,,Feb-18,121,2,FALSE,TRUE,FALSE,1,
159,FY18,18,WH8DAA,71-121,1011279686,NBC-0109-11,1003262852,PM01,1,,BATTERY TERMINAL BROKEN,2/13/18,,6/12/18,14818579,0,,Feb-18,121,2,FALSE,FALSE,FALSE,0,
160,FY18,18,WH8DAA,71-121,1011279686,NBC-0109-11,1003262213,PM01,1,,PROBE PORT SEAL DRYROTTED,2/13/18,,6/12/18,14818579,0,,Feb-18,121,2,FALSE,FALSE,FALSE,0,
161,FY18,18,WH8DAA,71-121,1011279686,NBC-0109-11,1003262376,PM01,1,,NBCSPG WILL NOT COMMUNICATE TO PRINTER,2/13/18,,6/12/18,14818579,0,,Feb-18,121,2,FALSE,FALSE,FALSE,0,
162,FY18,18,WH8DAA,71-121,1011279686,NBC-0109-11,1003262850,PM01,1,,METSMAN GROUNG STRAP FRAY,2/13/18,,6/12/18,14818579,0,,Feb-18,121,2,FALSE,FALSE,FALSE,0,
163,FY18,18,WH8DAA,71-112,1011279704,NBC-0110-11,1003262915,PM01,1,,WATER RATION HEATER W411 CABLE ASSEMBLY,2/13/18,,6/12/18,14818579,0,,Feb-18,112,2,FALSE,FALSE,FALSE,0,
164,FY18,18,WH8DAA,71-111,1011279664,NBC-0108-11,1003262847,PM01,1,,INLET HOSE FOR M88 MISSING CONNECTOR,2/13/18,,6/12/18,14818579,0.86,,Feb-18,111,2,FALSE,FALSE,FALSE,0,
165,FY18,18,WH8DAA,71-111,1011279664,NBC-0108-11,1003262845,PM01,1,,CIRCUIT BREAKER ICA BOX WILL NOT RESET,2/13/18,,6/12/18,14818579,3241,,Feb-18,111,2,FALSE,FALSE,FALSE,0,
216,FY19,19,WH8DAA,71-111,1011279664,NBC-0108-11,1004357069,PM01,1,,JBPDS CONTROL ASSEMBLY,8/7/18,,10/16/18,14818579,22318,,Aug-18,111,8,FALSE,TRUE,FALSE,1,328
227,FY19,19,WH8DAA,71-122,1011279723,NBC-0111-11,1004602626,PM01,1,,JBPDS Controller inop,9/12/18,,10/16/18,14818579,22097,,Sep-18,122,9,FALSE,TRUE,FALSE,1,85
418,FY19,19,WH8DAA,71-122,1011279723,NBC-0111-11,1006122321,PM01,2,,rear deck hatch handles damaged,5/9/19,,7/17/19,14818579,854.57,,May-19,122,5,FALSE,FALSE,FALSE,0,
404,FY19,19,WH8DAA,71-122,1011279723,NBC-0111-11,1005835754,PM01,2,,STEERING DAMPER REPLACEMENT,3/30/19,,5/9/19,14818579,0,,Mar-19,122,3,FALSE,FALSE,FALSE,0,
398,FY20,20,WH8DAA,71-122,1011279723,NBC-0111-11,1005711625,PM01,2,,REAR WINDOW HANDLE BOLT BROKEN,3/13/19,,11/21/19,14818579,7.12,,Mar-19,122,3,FALSE,FALSE,FALSE,0,
171,FY18,18,WH8DAA,71-121,1011279686,NBC-0109-11,1003514191,PM01,1,,LEFT AND RIGHT ABS MODULADORS INOP,3/22/18,,4/13/18,14818579,390,,Mar-18,121,3,FALSE,FALSE,FALSE,0,
172,FY18,18,WH8DAA,71-121,1011279686,NBC-0109-11,1003594536,PM01,1,,POWER STEERING PUMP INOP,4/4/18,,5/1/18,14818579,0,,Apr-18,121,4,FALSE,FALSE,FALSE,0,
173,FY18,18,WH8DAA,71-121,1011279686,NBC-0109-11,1003663591,PM01,1,,LEFT AND RIGHT REAR BREAK VALVES INOP,4/14/18,,5/23/18,14818579,0,,Apr-18,121,4,FALSE,FALSE,FALSE,0,
174,FY18,18,WH8DAA,71-111,1011279664,NBC-0108-11,2001899197,PM02,A,,AFQ-Annual,5/3/18,,5/7/18,14818579,0,,May-18,111,5,FALSE,FALSE,FALSE,0,
175,FY18,18,WH8DAA,71-111,1011279664,NBC-0108-11,1003892253,PM02,1,,BAWS FILTERS,5/21/18,,6/12/18,14818579,0,,May-18,111,5,FALSE,TRUE,FALSE,1,
176,FY18,18,WH8DAA,71-111,1011279664,NBC-0108-11,1003892251,PM02,1,,RWS/FCU DOES NOT OPERATE,5/21/18,,6/14/18,14818579,0,,May-18,111,5,FALSE,FALSE,TRUE,1,
177,FY18,18,WH8DAA,71-111,1011279664,NBC-0108-11,1003892255,PM01,1,,LEFT REAR UPPER ARMOR PLATE DAMAGED,5/21/18,,6/19/18,14818579,0,,May-18,111,5,FALSE,FALSE,FALSE,0,
385,FY19,19,WH8DAA,71-122,1011279723,NBC-0111-11,1005525249,PM01,2,,VC HATCH WONT SEAL,2/14/19,,3/7/19,14818579,3.28,,Feb-19,122,2,FALSE,FALSE,FALSE,0,
378,FY19,19,WH8DAA,71-122,1011279723,NBC-0111-11,1005487163,PM01,1,,LOW NITROGEN,2/9/19,,3/7/19,14818579,3.28,,Feb-19,122,2,FALSE,FALSE,FALSE,0,
180,FY19,19,WH8DAA,71-111,1011279664,NBC-0108-11,1003892461,PM01,1,,DVE WILL NOT POWER ON,5/21/18,,10/18/18,14818579,0,,May-18,111,5,FALSE,FALSE,FALSE,0,
181,FY19,19,WH8DAA,71-112,1011279704,NBC-0110-11,1003892242,PM01,1,,CTIS CABLE ASSEMBLY INOP,5/21/18,,10/31/18,14818579,0,,May-18,112,5,FALSE,FALSE,FALSE,0,
182,FY19,19,WH8DAA,71-112,1011279704,NBC-0110-11,1003892245,PM02,1,,BAWS FILTERS,5/21/18,,10/16/18,14818579,20.9,,May-18,112,5,FALSE,TRUE,FALSE,1,
183,FY18,18,WH8DAA,71-111,1011279664,NBC-0108-11,1003892250,PM01,1,,ARMOR PLATE ABOVE REAL DECK DOOR PEELING,5/21/18,,7/18/18,14818579,793,,May-18,111,5,FALSE,FALSE,FALSE,0,
184,FY18,18,WH8DAA,71-111,1011279664,NBC-0108-11,1003892258,PM01,1,,RF ARMOR PLATE DAMAGED,5/21/18,,6/20/18,14818579,1421,,May-18,111,5,FALSE,FALSE,FALSE,0,
185,FY18,18,WH8DAA,71-121,1011279686,NBC-0109-11,1003906623,PM01,1,,LEFT & RIGHT REAR BREAK VALVES INOP,5/23/18,,6/14/18,14818579,0,,May-18,121,5,FALSE,FALSE,FALSE,0,
186,FY18,18,WH8DAA,71-121,1011279686,NBC-0109-11,1004008598,PM01,1,,FLUID TRANSFER SYST,6/7/18,,6/12/18,14818579,0,,Jun-18,121,6,FALSE,FALSE,FALSE,0,
369,FY19,19,WH8DAA,71-122,1011279723,NBC-0111-11,1005409444,PM01,1,,MCS INOP,1/29/19,,2/9/19,14818579,0,,Jan-19,122,1,FALSE,FALSE,FALSE,0,
372,FY19,19,WH8DAA,71-122,1011279723,NBC-0111-11,1005409446,PM01,1,,IWG OUT OF TOLERANCE,1/29/19,,3/5/19,14818579,28.11,,Jan-19,122,1,FALSE,FALSE,FALSE,0,
189,FY18,18,WH8DAA,71-111,1011279664,NBC-0108-11,1004008596,PM02,1,,JBPDS CONTROL,6/7/18,,6/14/18,14818579,0,,Jun-18,111,6,FALSE,TRUE,FALSE,1,
349,FY19,19,WH8DAA,71-122,1011279723,NBC-0111-11,1005308634,PM01,2,,LOW AUX BAT VOLTAGE AT START UP.,1/15/19,,1/21/19,14818579,0,,Jan-19,122,1,FALSE,FALSE,FALSE,0,
191,FY18,18,WH8DAA,71-121,1011279686,NBC-0109-11,1004043416,PM01,1,,FLUID TRANSFER SYST,6/12/18,,6/19/18,14818579,0,,Jun-18,121,6,FALSE,FALSE,FALSE,0,
354,FY19,19,WH8DAA,71-122,1011279723,NBC-0111-11,1005308631,PM01,2,,HMS LOW NITRO LEVEL.,1/15/19,,2/14/19,14818579,0,,Jan-19,122,1,FALSE,FALSE,FALSE,0,
193,FY18,18,WH8DAA,71-111,1011279664,NBC-0108-11,1004043418,PM02,1,,JBPDS CONTROL,6/12/18,,8/7/18,14818579,0,,Jun-18,111,6,FALSE,TRUE,FALSE,1,
194,FY18,18,WH8DAA,71-121,1011279686,NBC-0109-11,1004059415,PM01,1,,LEFT & RIGHT REAR BREAKS VALVES INOP,6/14/18,,6/27/18,14818579,0,,Jun-18,121,6,FALSE,FALSE,FALSE,0,
362,FY19,19,WH8DAA,71-111,1011279664,NBC-0108-11,1005319335,PM01,1,,FTS INOP,1/16/19,,1/16/19,14818579,0,,Jan-19,111,1,FALSE,TRUE,FALSE,1,8
196,FY18,18,WH8DAA,71-111,1011279664,NBC-0108-11,1004075249,PM01,1,,FLUID TRANSFER SYST INOP,6/19/18,,8/7/18,14818579,0,,Jun-18,111,6,FALSE,FALSE,FALSE,0,
197,FY18,18,WH8DAA,71-111,1011279664,NBC-0108-11,1004083464,PM01,1,,LEFT REAR UPPER ARMOR PLATE DAMAGED,6/19/18,,8/7/18,14818579,0,,Jun-18,111,6,FALSE,FALSE,FALSE,0,
198,FY18,18,WH8DAA,71-121,1011279686,NBC-0109-11,1004075303,PM01,1,,BAWS 4 PLU ASSEMBLY,6/19/18,,9/7/18,14818579,0,,Jun-18,121,6,FALSE,TRUE,FALSE,1,126
355,FY19,19,WH8DAA,71-122,1011279723,NBC-0111-11,1005308629,PM01,2,,M88 DOES NOT COMMUNICATE WITH NBCSPG,1/15/19,,2/14/19,14818579,0,,Jan-19,122,1,FALSE,FALSE,FALSE,0,
200,FY18,18,WH8DAA,71-121,1011279686,NBC-0109-11,1004080170,PM01,1,,GENERATOR INOP,6/19/18,,8/7/18,14818579,961,,Jun-18,121,6,FALSE,FALSE,FALSE,0,
201,FY18,18,WH8DAA,71-112,1011279704,NBC-0110-11,1004075301,PM01,1,,COLLECTOR ASSEMBLY,6/19/18,,7/17/18,14818579,10966,,Jun-18,112,6,FALSE,FALSE,FALSE,0,
202,FY18,18,WH8DAA,71-112,1011279704,NBC-0110-11,1004075248,PM01,1,,FLUID TRANSFER SYST INOP,6/19/18,,7/16/18,14818579,19759,,Jun-18,112,6,FALSE,FALSE,FALSE,0,
203,FY18,18,WH8DAA,71-121,1011279686,NBC-0109-11,1004075250,PM01,1,,FLUID TRANSFER SYST INOP,6/19/18,,8/7/18,14818579,19759,,Jun-18,121,6,FALSE,FALSE,FALSE,0,
327,FY19,19,WH8DAA,71-122,1011279723,NBC-0111-11,1005265756,PM01,1,,KGV-72 NOT COMMUNICATING WITH JCR,1/9/19,,1/21/19,14818579,0,,Jan-19,122,1,FALSE,FALSE,FALSE,0,
205,FY18,18,WH8DAA,71-121,1011279686,NBC-0109-11,1004137022,PM01,1,,LEFT AND RIGHT BRAKE VALVES INOP,6/27/18,,7/18/18,14818579,0,,Jun-18,121,6,FALSE,FALSE,FALSE,0,
206,FY18,18,WH8DAA,71-121,1011279686,NBC-0109-11,1004204021,PM01,1,,AFQ-Annual,7/12/18,,7/12/18,14818579,0,,Jul-18,121,7,FALSE,FALSE,FALSE,0,
207,FY18,18,WH8DAA,71-112,1011279704,NBC-0110-11,1004203951,PM01,1,,AFQ-Annual,7/12/18,,7/12/18,14818579,0,,Jul-18,112,7,FALSE,FALSE,FALSE,0,
208,FY18,18,WH8DAA,71-111,1011279664,NBC-0108-11,1004231916,PM01,1,,GENERATOR INOP,7/18/18,,8/7/18,14818579,0,,Jul-18,111,7,FALSE,FALSE,FALSE,0,
209,FY18,18,WH8DAA,71-112,1011279704,NBC-0110-11,1004329063,PM01,1,,COLLECTOR ASSEMBLY INOP,8/1/18,,9/11/18,14818579,0,,Aug-18,112,8,FALSE,FALSE,FALSE,0,
210,FY18,18,WH8DAA,71-112,1011279704,NBC-0110-11,1004329061,PM01,1,,FLUID TRANSFER SYST INOP,8/1/18,,9/11/18,14818579,0,,Aug-18,112,8,FALSE,FALSE,FALSE,0,
211,FY18,18,WH8DAA,71-121,1011279686,NBC-0109-11,1004357078,PM01,1,,BATTERY INOP,8/7/18,,8/15/18,14818579,0,,Aug-18,121,8,FALSE,FALSE,FALSE,0,
330,FY19,19,WH8DAA,71-122,1011279723,NBC-0111-11,1005265253,PM01,1,,STORM INOP,1/9/19,,1/25/19,14818579,0,,Jan-19,122,1,FALSE,FALSE,FALSE,0,
213,FY18,18,WH8DAA,71-111,1011279664,NBC-0108-11,1004357071,PM01,1,,GENERATOR INOP,8/7/18,,9/6/18,14818579,0,,Aug-18,111,8,FALSE,FALSE,FALSE,0,
214,FY18,18,WH8DAA,71-121,1011279686,NBC-0109-11,1004357076,PM01,1,,GENERATOR INOP,8/7/18,,9/6/18,14818579,0,,Aug-18,121,8,FALSE,FALSE,FALSE,0,
215,FY18,18,WH8DAA,71-111,1011279664,NBC-0108-11,1004357072,PM01,1,,LEFT REAR UPPER ARMOR PLATE DAMAGED,8/7/18,,9/11/18,14818579,2184,,Aug-18,111,8,FALSE,FALSE,FALSE,0,
363,FY19,19,WH8DAA,71-111,1011279664,NBC-0108-11,1005324408,PM01,1,,FTS INOP,1/16/19,,2/2/19,14818579,0,,Jan-19,111,1,FALSE,TRUE,FALSE,1,78
273,FY19,19,WH8DAA,71-111,1011279664,NBC-0108-11,1004914912,PM01,1,,FTS INOP,10/30/18,,12/28/18,14818579,19461,,Oct-18,111,10,FALSE,TRUE,FALSE,1,84
218,FY18,18,WH8DAA,71-121,1011279686,NBC-0109-11,1004410915,PM01,1,,BATTERY INOP,8/14/18,,9/6/18,14818579,0,,Aug-18,121,8,FALSE,FALSE,FALSE,0,
308,FY19,19,WH8DAA,71-122,1011279723,NBC-0111-11,1005227986,PM01,2,,RWS SOFT MOUNT NUT AND BOLT MISSING,12/27/18,,1/15/19,14818579,95.72,,Dec-18,122,12,FALSE,FALSE,TRUE,1,
220,FY18,18,WH8DAA,71-111,1011279664,NBC-0108-11,1004416340,PM01,1,,L/R UPPER ARMOR PLATE DAMAGE,8/15/18,,8/15/18,14818579,0,,Aug-18,111,8,FALSE,FALSE,FALSE,0,
221,FY18,18,WH8DAA,71-121,1011279686,NBC-0109-11,1004560603,PM01,1,,FTS INOP,9/6/18,,9/7/18,14818579,0,,Sep-18,121,9,FALSE,TRUE,FALSE,1,79
302,FY19,19,WH8DAA,71-122,1011279723,NBC-0111-11,1005227704,PM01,1,,rear hatch seal cut,12/27/18,,2/14/19,14818579,0,,Dec-18,122,12,FALSE,FALSE,FALSE,0,
223,FY18,18,WH8DAA,71-112,1011279704,NBC-0110-11,1004602190,PM01,2,,Right front tire unserviceable.,9/12/18,,9/21/18,14818579,0,,Sep-18,112,9,FALSE,FALSE,FALSE,0,
224,FY19,19,WH8DAA,71-111,1011279664,NBC-0108-11,1004602457,PM01,1,,FLUID TRANSFER LINE CORRODED,9/12/18,,10/25/18,14818579,0,,Sep-18,111,9,FALSE,FALSE,FALSE,0,
303,FY19,19,WH8DAA,71-122,1011279723,NBC-0111-11,1005227703,PM01,2,,rear shackle tie-down broken,12/27/18,,1/15/19,14818579,6.38,,Dec-18,122,12,FALSE,FALSE,FALSE,0,
304,FY19,19,WH8DAA,71-122,1011279723,NBC-0111-11,1005227987,PM01,2,,SERVICE FILTERS,12/27/18,,3/12/19,14818579,41.8,,Dec-18,122,12,FALSE,FALSE,FALSE,0,
297,FY19,19,WH8DAA,71-122,1011279723,NBC-0111-11,1005218552,PM01,1,,RWS INHIBIT FIRE ZONE NOT DISPLAYED,12/21/18,,1/30/19,14818579,0,,Dec-18,122,12,FALSE,FALSE,TRUE,1,30
228,FY19,19,WH8DAA,71-111,1011279664,NBC-0108-11,1004604889,PM01,1,,TRANSMISSION ECM,9/13/18,,10/18/18,14818579,0,,Sep-18,111,9,FALSE,FALSE,FALSE,0,
229,FY18,18,WH8DAA,71-121,1011279686,NBC-0109-11,2002361253,PM02,A,,AFQ-Annual,9/17/18,,9/17/18,14818579,0,,Sep-18,121,9,FALSE,FALSE,FALSE,0,
230,FY18,18,WH8DAA,71-112,1011279704,NBC-0110-11,2002361249,PM02,A,,AFQ-Annual,9/17/18,,9/17/18,14818579,0,,Sep-18,112,9,FALSE,FALSE,FALSE,0,
166,FY18,18,WH8DAA,71-121,1011279686,NBC-0109-11,1003262370,PM01,1,,JBPDS JCA INOP,2/13/18,,4/20/18,14818579,14896,,Feb-18,121,2,FALSE,TRUE,FALSE,1,489
328,FY19,19,WH8DAA,71-111,1011279664,NBC-0108-11,1005266165,PM01,1,,RWS Firing inhibit faulty,1/9/19,,1/25/19,14818579,0,,Jan-19,111,1,FALSE,FALSE,TRUE,1,13
233,FY18,18,WH8DAA,71-111,1011279664,NBC-0108-11,1004670003,PM01,1,,M2 .50 CAL SOLENOID,9/21/18,,9/25/18,14818579,0,,Sep-18,111,9,FALSE,FALSE,FALSE,0,
234,FY18,18,WH8DAA,71-112,1011279704,NBC-0110-11,1004670004,PM01,1,,M2 .50 CAL SOLENOID,9/21/18,,9/25/18,14818579,0,,Sep-18,112,9,FALSE,FALSE,FALSE,0,
235,FY19,19,WH8DAA,71-121,1011279686,NBC-0109-11,1004670007,PM01,1,,M2 .50 CAL SOLENOID,9/21/18,,10/29/18,14818579,1427,,Sep-18,121,9,FALSE,FALSE,FALSE,0,
292,FY19,19,WH8DAA,71-122,1011279723,NBC-0111-11,1005098570,PM01,1,,JBPDS T6 LINE INOP,11/29/18,,12/4/18,14818579,0,,Nov-18,122,11,FALSE,TRUE,FALSE,1,30
237,FY19,19,WH8DAA,71-112,1011279704,NBC-0110-11,1004683446,PM01,1,,"M2 .50 CAL SOLENOIDE, INOP",9/25/18,,10/29/18,14818579,0,,Sep-18,112,9,FALSE,FALSE,FALSE,0,
238,FY19,19,WH8DAA,71-111,1011279664,NBC-0108-11,1004683445,PM01,1,,M 2 .50 CAL SOLENOID INOP,9/25/18,,10/29/18,14818579,1427,,Sep-18,111,9,FALSE,FALSE,FALSE,0,
239,FY19,19,WH8DAA,71-112,1011279704,NBC-0110-11,1004690721,PM01,1,,"M2 .50 CAL SOLENOIDE, INOP",9/25/18,,10/29/18,14818579,1427,,Sep-18,112,9,FALSE,FALSE,FALSE,0,
240,FY19,19,WH8DAA,71-121,1011279686,NBC-0109-11,1004840115,PM01,2,,DRIVERS LIGHT BROKEN,10/18/18,,11/2/18,14818579,532,,Oct-18,121,10,FALSE,FALSE,FALSE,0,
241,FY19,19,WH8DAA,71-121,1011279686,NBC-0109-11,1004847466,PM01,1,,CBMS FAULTCODE 3025,10/19/18,,10/30/18,14818579,0,,Oct-18,121,10,TRUE,FALSE,FALSE,1,
289,FY19,19,WH8DAA,71-122,1011279723,NBC-0111-11,1005063497,PM01,1,,RWS System INOP,11/21/18,,12/21/18,14818579,67356,12101,Nov-18,122,11,FALSE,FALSE,TRUE,1,468
243,FY19,19,WH8DAA,71-112,1011279704,NBC-0110-11,1004840955,PM01,2,,CHEM PROBE BUCKLES NEEDS REPLACED,10/19/18,,11/2/18,14818579,0,,Oct-18,112,10,FALSE,FALSE,FALSE,0,
244,FY19,19,WH8DAA,71-122,1011279723,NBC-0111-11,1004840944,PM02,1,,RWS System INOP,10/19/18,,11/21/18,14818579,0,,Oct-18,122,10,FALSE,FALSE,TRUE,1,
245,FY19,19,WH8DAA,71-121,1011279686,NBC-0109-11,1004840952,PM01,1,,M88 Chemical Agen Alarm INOP,10/19/18,,2/15/19,14818579,0,,Oct-18,121,10,FALSE,FALSE,FALSE,0,
246,FY19,19,WH8DAA,71-112,1011279704,NBC-0110-11,1004840958,PM01,2,,TOWBAR LOCK AND HANDLE BROKEN,10/19/18,,10/31/18,14818579,0.17,,Oct-18,112,10,FALSE,FALSE,FALSE,0,
247,FY19,19,WH8DAA,71-112,1011279704,NBC-0110-11,1004840954,PM01,2,,RATION HEATER INOP,10/19/18,,11/2/18,14818579,282,,Oct-18,112,10,FALSE,FALSE,FALSE,0,
248,FY19,19,WH8DAA,71-111,1011279664,NBC-0108-11,1004840807,PM01,2,,DRIVER STAY DEVICES WONT HOLD AT 10 DEG,10/19/18,,11/2/18,14818579,306,,Oct-18,111,10,FALSE,FALSE,FALSE,0,
249,FY19,19,WH8DAA,71-112,1011279704,NBC-0110-11,1004840957,PM01,2,,DRIVER UTILITY LIGHT INOP,10/19/18,,11/2/18,14818579,2128,,Oct-18,112,10,FALSE,FALSE,FALSE,0,
263,FY19,19,WH8DAA,71-122,1011279723,NBC-0111-11,1004907791,PM01,1,,FTS INOP,10/30/18,,11/6/18,14818579,0,,Oct-18,122,10,FALSE,TRUE,FALSE,1,
267,FY19,19,WH8DAA,71-122,1011279723,NBC-0111-11,1004907665,PM01,1,,JBPDS T6 LINE INOP,10/30/18,,11/29/18,14818579,0,,Oct-18,122,10,FALSE,TRUE,FALSE,1,48
252,FY19,19,WH8DAA,71-121,1011279686,NBC-0109-11,1004896222,PM01,1,,CBMS BLOCK II,10/27/18,,10/27/18,14818579,0,,Oct-18,121,10,TRUE,FALSE,FALSE,1,745
253,FY19,19,WH8DAA,71-121,1011279686,NBC-0109-11,1004896226,PM01,1,,ELECTRONIC MODULE INOP,10/27/18,,11/9/18,14818579,0,,Oct-18,121,10,FALSE,FALSE,FALSE,0,
254,FY19,19,WH8DAA,71-111,1011279664,NBC-0108-11,1004904760,PM01,1,,COLLECTOR INOP,10/29/18,,10/30/18,14818579,0,,Oct-18,111,10,FALSE,FALSE,FALSE,0,
329,FY19,19,WH8DAA,71-112,1011279704,NBC-0110-11,1005265757,PM01,1,,RWS Firing inhibit faulty,1/9/19,,1/25/19,14818579,0,,Jan-19,112,1,FALSE,FALSE,TRUE,1,13
299,FY19,19,WH8DAA,71-112,1011279704,NBC-0110-11,1005228105,PM02,2,,JBPDS SCREEN CRACKED,12/27/18,,1/24/19,14818579,0,,Dec-18,112,12,FALSE,TRUE,FALSE,1,442
257,FY19,19,WH8DAA,71-111,1011279664,NBC-0108-11,1004914903,PM02,1,,FTS INOP,10/30/18,,10/30/18,14818579,0,,Oct-18,111,10,FALSE,TRUE,FALSE,1,
258,FY19,19,WH8DAA,71-121,1011279686,NBC-0109-11,1004907662,PM01,1,,COLLECTOR INOP,10/30/18,,10/30/18,14818579,0,,Oct-18,121,10,FALSE,FALSE,FALSE,0,
259,FY19,19,WH8DAA,71-121,1011279686,NBC-0109-11,1004907663,PM01,1,,FTS INOP,10/30/18,,10/30/18,14818579,0,,Oct-18,121,10,FALSE,TRUE,FALSE,1,54
260,FY19,19,WH8DAA,71-112,1011279704,NBC-0110-11,1004907517,PM01,1,,Collector inop,10/30/18,,10/30/18,14818579,0,,Oct-18,112,10,FALSE,FALSE,FALSE,0,
261,FY19,19,WH8DAA,71-112,1011279704,NBC-0110-11,1004907790,PM01,1,,Needs New UDR13 Mount,10/30/18,,10/30/18,14818579,0,,Oct-18,112,10,FALSE,FALSE,FALSE,0,
262,FY19,19,WH8DAA,71-112,1011279704,NBC-0110-11,1004914915,PM01,2,,RATION HEATER INOP,10/30/18,,11/5/18,14818579,0,,Oct-18,112,10,FALSE,FALSE,FALSE,0,
269,FY19,19,WH8DAA,71-122,1011279723,NBC-0111-11,1004907666,PM01,2,,SERVER HATCH SEAL DAMAGED,10/30/18,,1/21/19,14818579,28.11,,Oct-18,122,10,FALSE,FALSE,FALSE,0,
305,FY19,19,WH8DAA,71-112,1011279704,NBC-0110-11,1005227997,PM01,2,,RWS AMMO GUIDE MISSING,12/27/18,,2/14/19,14818579,74.45,,Dec-18,112,12,FALSE,FALSE,TRUE,1,
265,FY19,19,WH8DAA,71-112,1011279704,NBC-0110-11,1004907513,PM01,1,,COLLECTOR INOP,10/30/18,,11/27/18,14818579,0,,Oct-18,112,10,FALSE,FALSE,FALSE,0,
266,FY19,19,WH8DAA,71-111,1011279664,NBC-0108-11,1004914913,PM01,1,,COLLECTOR INOP,10/30/18,,11/29/18,14818579,0,,Oct-18,111,10,FALSE,FALSE,FALSE,0,
251,FY19,19,WH8DAA,71-122,1011279723,NBC-0111-11,1004874318,PM01,1,,TRANSFER CASE INNER SEALS BROKEN,10/24/18,,12/21/18,14818579,14318,,Oct-18,122,10,FALSE,FALSE,FALSE,0,
268,FY19,19,WH8DAA,71-121,1011279686,NBC-0109-11,1004907667,PM01,2,,DWSS SWITCH BOX ASSEMBLY DAMAGED,10/30/18,,1/9/19,14818579,0,,Oct-18,121,10,FALSE,FALSE,FALSE,0,
242,FY19,19,WH8DAA,71-122,1011279723,NBC-0111-11,1004840950,PM01,1,,Transmission ECM INOP,10/19/18,,10/31/18,14818579,0,,Oct-18,122,10,FALSE,FALSE,FALSE,0,
272,FY19,19,WH8DAA,71-121,1011279686,NBC-0109-11,1004907664,PM01,1,,JBPDS INOP,10/30/18,,11/29/18,14818579,10080,,Oct-18,121,10,FALSE,TRUE,FALSE,1,54
271,FY19,19,WH8DAA,71-112,1011279704,NBC-0110-11,1004915388,PM01,1,,NEEDS NEW UDR13 MOUNT,10/30/18,,11/27/18,14818579,3217.64,,Oct-18,112,10,FALSE,FALSE,FALSE,0,
394,FY19,19,WH8DAA,71-112,1011279704,NBC-0110-11,1005580209,PM01,2,,FTS INOP,2/23/19,,6/21/19,14818579,4089,,Feb-19,112,2,FALSE,TRUE,FALSE,1,671
306,FY19,19,WH8DAA,71-111,1011279664,NBC-0108-11,1005228108,PM01,2,,RWS SOFT MOUNT NUT AND BOLT MISSING,12/27/18,,1/15/19,14818579,95.72,,Dec-18,111,12,FALSE,FALSE,TRUE,1,
274,FY19,19,WH8DAA,71-121,1011279686,NBC-0109-11,1004907668,PM01,1,,COLLECTOR INOP,10/30/18,,11/29/18,14818579,23298,,Oct-18,121,10,FALSE,FALSE,FALSE,0,
275,FY19,19,WH8DAA,71-112,1011279704,NBC-0110-11,1004927322,PM01,1,,CTIS INOP,10/31/18,,11/27/18,14818579,1138,,Oct-18,112,10,FALSE,FALSE,FALSE,0,
276,FY19,19,WH8DAA,71-111,1011279664,NBC-0108-11,1004927640,PM01,1,,REAR UPPER ARMOR CRACKED,11/1/18,,12/5/18,14818579,0,,Nov-18,111,11,FALSE,FALSE,FALSE,0,
277,FY19,19,WH8DAA,71-111,1011279664,NBC-0108-11,1004927842,PM01,2,,W21 LINE BROKEN,11/1/18,,7/17/19,14818579,0,,Nov-18,111,11,FALSE,FALSE,FALSE,0,
278,FY19,19,WH8DAA,71-121,1011279686,NBC-0109-11,1004960412,PM01,2,,SERVER WORK STATION WILL NOT STOW,11/6/18,,2/13/19,14818579,0,,Nov-18,121,11,FALSE,FALSE,FALSE,0,
279,FY19,19,WH8DAA,71-112,1011279704,NBC-0110-11,1004960320,PM01,2,,VET TOUCHSCREEN INOP,11/6/18,,8/23/19,14818579,0,,Nov-18,112,11,FALSE,FALSE,FALSE,0,
280,FY19,19,WH8DAA,71-111,1011279664,NBC-0108-11,1004960319,PM01,1,,BOLT STUD FOR DRIVER HATCH,11/6/18,,12/11/18,14818579,14.6,,Nov-18,111,11,FALSE,FALSE,FALSE,0,
281,FY19,19,WH8DAA,71-121,1011279686,NBC-0109-11,1004960413,PM01,2,,REAR DECK HATCH LEFT HANDLE NEEDS ADJUST,11/6/18,,11/27/18,14818579,62.16,,Nov-18,121,11,FALSE,FALSE,FALSE,0,
282,FY19,19,WH8DAA,71-111,1011279664,NBC-0108-11,1004960317,PM01,2,,REAR DECK HATCH LEFT HANDLE,11/6/18,,11/27/18,14818579,155.4,,Nov-18,111,11,FALSE,FALSE,FALSE,0,
283,FY19,19,WH8DAA,71-121,1011279686,NBC-0109-11,1004960411,PM01,2,,L/R REAR TIRE WILL BE WORN,11/6/18,,1/12/19,14818579,3730,,Nov-18,121,11,FALSE,FALSE,FALSE,0,
284,FY19,19,WH8DAA,71-121,1011279686,NBC-0109-11,1004993878,PM01,1,,CBMS Block II,11/9/18,,12/4/18,14818579,331575,170000,Nov-18,121,11,TRUE,FALSE,FALSE,1,758
285,FY19,19,WH8DAA,71-121,1011279686,NBC-0109-11,1005009854,PM01,1,,Chem Prob Worn,11/14/18,,11/15/18,14818579,0,,Nov-18,121,11,FALSE,FALSE,FALSE,0,
286,FY19,19,WH8DAA,71-121,1011279686,NBC-0109-11,1005009853,PM01,2,,Printer Test Page Dose Not Print,11/14/18,,1/17/19,14818579,230,,Nov-18,121,11,FALSE,FALSE,FALSE,0,
287,FY19,19,WH8DAA,71-121,1011279686,NBC-0109-11,1005009852,PM01,2,,Drain plugs seized,11/14/18,,5/30/19,14818579,444.48,,Nov-18,121,11,FALSE,FALSE,FALSE,0,
288,FY19,19,WH8DAA,71-121,1011279686,NBC-0109-11,1005019366,PM01,1,,CHEM PROB WORN,11/15/18,,1/15/19,14818579,4164,,Nov-18,121,11,FALSE,FALSE,FALSE,0,
250,FY19,19,WH8DAA,71-122,1011279723,NBC-0111-11,1004840947,PM01,1,,JSLSCAD ODU INOP (PQDR),10/19/18,,12/21/18,14818579,7135,,Oct-18,122,10,FALSE,FALSE,FALSE,0,
290,FY19,19,WH8DAA,71-122,1011279723,NBC-0111-11,2002602543,PM02,A,,AFQ-Annual,11/27/18,,11/28/18,14818579,0,,Nov-18,122,11,FALSE,FALSE,FALSE,0,
291,FY19,19,WB25RD,71-121,1011279686,NBC-0109-11,1005080071,PM01,1,,ANVDR 2 MOUNT INOP,11/27/18,,12/11/18,14818579,0,,Nov-18,121,11,FALSE,FALSE,FALSE,0,
236,FY19,19,WH8DAA,71-122,1011279723,NBC-0111-11,1004670009,PM01,1,,M2 .50 CAL SOLENOID,9/21/18,,10/29/18,14818579,1427,,Sep-18,122,9,FALSE,FALSE,FALSE,0,
231,FY19,19,WH8DAA,71-122,1011279723,NBC-0111-11,1004631686,PM01,1,,CBMSII INOP,9/17/18,,1/3/19,14818579,161463,,Sep-18,122,9,TRUE,FALSE,FALSE,1,534
294,FY19,19,WH8DAA,71-111,1011279664,NBC-0108-11,1005181693,PM01,1,,Collector INOP (PQDR),12/13/18,,1/24/19,14818579,0,,Dec-18,111,12,FALSE,FALSE,FALSE,0,
295,FY19,19,WH8DAA,71-121,1011279686,NBC-0109-11,1005181694,PM02,1,,CBMS Block II INOP (PQDR),12/13/18,,1/30/19,14818579,0,,Dec-18,121,12,TRUE,FALSE,FALSE,1,
296,FY19,19,WH8DAA,71-121,1011279686,NBC-0109-11,1005218553,PM01,1,,RWS INHIBIT FIRE ZONE NOT DISPLAYED,12/21/18,,12/21/18,14818579,0,,Dec-18,121,12,FALSE,FALSE,TRUE,1,775
225,FY19,19,WH8DAA,71-122,1011279723,NBC-0111-11,1004601819,PM01,1,,Fuel sending unit inop,9/12/18,,10/18/18,14818579,214,,Sep-18,122,9,FALSE,FALSE,FALSE,0,
298,FY19,19,WH8DAA,71-121,1011279686,NBC-0109-11,1005227995,PM01,1,,STORM INOP,12/27/18,,1/16/19,14818579,0,,Dec-18,121,12,FALSE,FALSE,FALSE,0,
307,FY19,19,WH8DAA,71-112,1011279704,NBC-0110-11,1005227998,PM01,2,,RWS SOFT MOUNT NUT AND BOLT MISSING,12/27/18,,1/15/19,14818579,95.72,,Dec-18,112,12,FALSE,FALSE,TRUE,1,
300,FY19,19,WH8DAA,71-112,1011279704,NBC-0110-11,1005228103,PM01,1,,STORM GROUNDING WIRE DAMAGED,12/27/18,,1/25/19,14818579,0,,Dec-18,112,12,FALSE,FALSE,FALSE,0,
301,FY19,19,WH8DAA,71-112,1011279704,NBC-0110-11,1005228102,PM01,1,,CHEM PROB BUCKEL INOP,12/27/18,,2/8/19,14818579,0,,Dec-18,112,12,FALSE,FALSE,FALSE,0,
170,FY18,18,WH8DAA,71-122,1011279723,NBC-0111-11,1003276078,PM01,1,,JBPDS COMPRESSOR INOP,2/15/18,,4/20/18,14818579,2942,,Feb-18,122,2,FALSE,TRUE,FALSE,1,155
293,FY19,19,WH8DAA,71-122,1011279723,NBC-0111-11,1005128253,PM01,1,,JBPDS T6 Line,12/4/18,,1/9/19,14818579,2277.1,,Dec-18,122,12,FALSE,TRUE,FALSE,1,
222,FY18,18,WH8DAA,71-122,1011279723,NBC-0111-11,1004560602,PM01,1,,COLLECTOR INOP,9/6/18,,9/7/18,14818579,0,,Sep-18,122,9,FALSE,FALSE,FALSE,0,
317,FY19,19,WH8DAA,71-112,1011279704,NBC-0110-11,1005227999,PM01,2,,RWS SMALL CASING COLLECTOR MISSING,12/27/18,,1/15/19,14818579,2254,,Dec-18,112,12,FALSE,FALSE,TRUE,1,
226,FY19,19,WH8DAA,71-122,1011279723,NBC-0111-11,1004602622,PM01,1,,FTS T6 line damaged,9/12/18,,10/24/18,14818579,2244,,Sep-18,122,9,FALSE,TRUE,FALSE,1,
104,FY18,18,WH8DAA,71-112,1011279704,NBC-0110-11,1002537340,PM01,1,,(M) LINE FROM IDENTIFIER TO FTS,10/11/17,,1/23/18,14818579,2244,,Oct-17,112,10,FALSE,TRUE,FALSE,1,
219,FY18,18,WH8DAA,71-122,1011279723,NBC-0111-11,1004410913,PM01,1,,BATTERY INOP,8/14/18,,9/6/18,14818579,0,,Aug-18,122,8,FALSE,FALSE,FALSE,0,
309,FY20,20,WH8DAA,71-121,1011279686,NBC-0109-11,1005227990,PM01,2,,SERVICE FILTERS,12/27/18,,10/3/19,14818579,104.28,,Dec-18,121,12,FALSE,FALSE,FALSE,0,
310,FY20,20,WH8DAA,71-111,1011279664,NBC-0108-11,1005227988,PM01,2,,SERVICE FILTERS,12/27/18,,10/23/19,14818579,104.28,,Dec-18,111,12,FALSE,FALSE,FALSE,0,
311,FY20,20,WH8DAA,71-112,1011279704,NBC-0110-11,1005227989,PM01,2,,SERVICE FILTERS,12/27/18,,10/23/19,14818579,104.28,,Dec-18,112,12,FALSE,FALSE,FALSE,0,
312,FY19,19,WH8DAA,71-111,1011279664,NBC-0108-11,1005228107,PM01,2,,LR DECK DOOR HANDLE THREDS DAMAGED,12/27/18,,1/15/19,14818579,395,,Dec-18,111,12,FALSE,FALSE,FALSE,0,
313,FY19,19,WH8DAA,71-121,1011279686,NBC-0109-11,1005227993,PM01,1,,RWS W19 CABLE DAMAGED,12/27/18,,1/12/19,14818579,694,,Dec-18,121,12,FALSE,FALSE,TRUE,1,
314,FY19,19,WH8DAA,71-112,1011279704,NBC-0110-11,1005228000,PM01,1,,STORM HI POWER MODE INOP,12/27/18,,1/29/19,14818579,694,,Dec-18,112,12,FALSE,FALSE,FALSE,0,
315,FY19,19,WH8DAA,71-112,1011279704,NBC-0110-11,1005228101,PM01,1,,BATTRIES TESTED BAD,12/27/18,,1/12/19,14818579,1249.96,,Dec-18,112,12,FALSE,FALSE,FALSE,0,
316,FY19,19,WH8DAA,71-112,1011279704,NBC-0110-11,1005227996,PM01,1,,RIGHT SECOND TIRE DAMAGED,12/27/18,,1/12/19,14818579,1865,,Dec-18,112,12,FALSE,FALSE,FALSE,0,
264,FY19,19,WH8DAA,71-112,1011279704,NBC-0110-11,1004914916,PM01,1,,FTS INOP,10/30/18,,11/15/18,14818579,0,,Oct-18,112,10,FALSE,TRUE,FALSE,1,1
255,FY19,19,WH8DAA,71-112,1011279704,NBC-0110-11,1004904755,PM01,1,,BAWS INOP,10/29/18,,10/30/18,14818579,0,,Oct-18,112,10,FALSE,TRUE,FALSE,1,383
319,FY19,19,WH8DAA,71-111,1011279664,NBC-0108-11,1005230604,PM01,1,,LCS FAILS TO INITIATE,12/28/18,,1/29/19,14818579,10080,,Dec-18,111,12,FALSE,FALSE,FALSE,0,
217,FY18,18,WH8DAA,71-122,1011279723,NBC-0111-11,1004367043,PM01,1,,COMPRESSOR INOP,8/8/18,,9/6/18,14818579,2942,,Aug-18,122,8,FALSE,FALSE,FALSE,0,
321,FY19,19,WH8DAA,71-121,1011279686,NBC-0109-11,1005272491,PM01,1,,DWSS Switch box assembly damaged,1/9/19,,1/12/19,14818579,0,,Jan-19,121,1,FALSE,FALSE,FALSE,0,
322,FY19,19,WH8DAA,71-112,1011279704,NBC-0110-11,1005265760,PM01,1,,CVSS WILL NOT COMPLT BIT,1/9/19,,1/15/19,14818579,0,,Jan-19,112,1,FALSE,FALSE,FALSE,0,
323,FY19,19,WH8DAA,71-121,1011279686,NBC-0109-11,1005266162,PM01,1,,CVSS DEGRADED,1/9/19,,1/16/19,14818579,0,,Jan-19,121,1,FALSE,FALSE,FALSE,0,
324,FY19,19,WH8DAA,71-121,1011279686,NBC-0109-11,1005266163,PM01,1,,VDET DEGRADED,1/9/19,,1/16/19,14818579,0,,Jan-19,121,1,FALSE,FALSE,FALSE,0,
325,FY19,19,WH8DAA,71-112,1011279704,NBC-0110-11,1005265257,PM01,1,,JSLSCAD INOP TROUBLE SHOOTING,1/9/19,,1/16/19,14818579,0,,Jan-19,112,1,FALSE,FALSE,FALSE,0,
326,FY19,19,WH8DAA,71-111,1011279664,NBC-0108-11,1005266166,PM01,1,,KGV-72 NOT COMMUNICATING WITH JCR,1/9/19,,1/21/19,14818579,0,,Jan-19,111,1,FALSE,FALSE,FALSE,0,
212,FY18,18,WH8DAA,71-122,1011279723,NBC-0111-11,1004357073,PM01,1,,BATTERY INOP,8/7/18,,8/15/18,14818579,0,,Aug-18,122,8,FALSE,FALSE,FALSE,0,
232,FY19,19,WH8DAA,71-111,1011279664,NBC-0108-11,1004631682,PM01,1,,CBMSII INOP,9/17/18,,10/18/18,14818579,331575,170000,Sep-18,111,9,TRUE,FALSE,FALSE,1,235
256,FY19,19,WH8DAA,71-112,1011279704,NBC-0110-11,1004905142,PM01,1,,BAWS INOP,10/29/18,,10/30/18,14818579,0,,Oct-18,112,10,FALSE,TRUE,FALSE,1,383
204,FY18,18,WH8DAA,71-122,1011279723,NBC-0111-11,1004075251,PM01,1,,FLUID TRANSFER SYST INOP,6/19/18,,8/7/18,14818579,19759,,Jun-18,122,6,FALSE,FALSE,FALSE,0,
331,FY19,19,WH8DAA,71-121,1011279686,NBC-0109-11,1005264680,PM01,1,,RWS FIRING INIHIBIT ZONE INOP,1/9/19,,1/30/19,14818579,0,,Jan-19,121,1,FALSE,FALSE,TRUE,1,13
332,FY19,19,WH8DAA,71-112,1011279704,NBC-0110-11,1005265758,PM01,1,,KGV-72 NOT COMMUNICATING WITH JCR,1/9/19,,2/14/19,14818579,0,,Jan-19,112,1,FALSE,FALSE,FALSE,0,
333,FY19,19,WH8DAA,71-121,1011279686,NBC-0109-11,1005266164,PM01,1,,LCS INOP (PQDR),1/9/19,,3/7/19,14818579,0,,Jan-19,121,1,FALSE,FALSE,FALSE,0,
334,FY19,19,WH8DAA,71-121,1011279686,NBC-0109-11,1005266161,PM01,1,,Transmitter Inop,1/9/19,,3/12/19,14818579,0,,Jan-19,121,1,FALSE,FALSE,FALSE,0,
335,FY19,19,WH8DAA,71-111,1011279664,NBC-0108-11,1005292993,PM01,2,,VC DOME LIGHT INOP,1/12/19,,1/29/19,14818579,8,,Jan-19,111,1,FALSE,FALSE,FALSE,0,
336,FY19,19,WH8DAA,71-111,1011279664,NBC-0108-11,1005308278,PM01,1,,RF TIRE WORN.,1/15/19,,1/16/19,14818579,0,,Jan-19,111,1,FALSE,FALSE,FALSE,0,
337,FY19,19,WH8DAA,71-121,1011279686,NBC-0109-11,1005308426,PM01,2,,ENGINE HATCH HAS OIL RESIDUE.,1/15/19,,1/16/19,14818579,0,,Jan-19,121,1,FALSE,FALSE,FALSE,0,
338,FY19,19,WH8DAA,71-121,1011279686,NBC-0109-11,1005308432,PM01,2,,CREW AFES BOTTLE PAINT CHIPPED & BUBBLED,1/15/19,,1/16/19,14818579,0,,Jan-19,121,1,FALSE,FALSE,FALSE,0,
339,FY19,19,WH8DAA,71-121,1011279686,NBC-0109-11,1005308423,PM01,2,,THIRD RH TIRE HAS A NAIL.,1/15/19,,1/16/19,14818579,0,,Jan-19,121,1,FALSE,FALSE,FALSE,0,
340,FY19,19,WH8DAA,71-121,1011279686,NBC-0109-11,1005305719,PM01,2,,HELL WHOLE HATCH HAS MINOR DAMAGE.,1/15/19,,1/16/19,14818579,0,,Jan-19,121,1,FALSE,FALSE,FALSE,0,
341,FY19,19,WH8DAA,71-121,1011279686,NBC-0109-11,1005308431,PM01,2,,SERVAYER FIRE EXTINGUISHER EXPIRED,1/15/19,,1/16/19,14818579,0,,Jan-19,121,1,FALSE,FALSE,FALSE,0,
342,FY19,19,WH8DAA,71-121,1011279686,NBC-0109-11,1005308422,PM01,2,,UPPER RH PLATE ON LH SIDE HAS MINOR DMG,1/15/19,,1/16/19,14818579,0,,Jan-19,121,1,FALSE,FALSE,FALSE,0,
343,FY19,19,WH8DAA,71-121,1011279686,NBC-0109-11,1005305718,PM01,2,,UPPER LEFT ARMOR PLATE MINOR DAMAGE.,1/15/19,,1/16/19,14818579,0,,Jan-19,121,1,FALSE,FALSE,FALSE,0,
344,FY19,19,WH8DAA,71-121,1011279686,NBC-0109-11,1005308433,PM01,2,,FLEX HOSE ON CHEM PROBE WORN.,1/15/19,,1/16/19,14818579,0,,Jan-19,121,1,FALSE,FALSE,FALSE,0,
345,FY19,19,WH8DAA,71-121,1011279686,NBC-0109-11,1005308427,PM01,2,,HYDRO HATCH COMBAT LOCK INOP,1/15/19,,1/16/19,14818579,0,,Jan-19,121,1,FALSE,FALSE,FALSE,0,
346,FY19,19,WH8DAA,71-121,1011279686,NBC-0109-11,1005308430,PM01,2,,SAFTY PIN MISSING ON DRIVERS FIRE EXTING,1/15/19,,1/16/19,14818579,0,,Jan-19,121,1,FALSE,FALSE,FALSE,0,
347,FY19,19,WH8DAA,71-121,1011279686,NBC-0109-11,1005308429,PM01,2,,CCM DISPLAY INDACTES TROOP FAN FAULTS.,1/15/19,,1/16/19,14818579,0,,Jan-19,121,1,FALSE,FALSE,FALSE,0,
348,FY19,19,WH8DAA,71-121,1011279686,NBC-0109-11,1005308428,PM01,2,,ALL INTERAL LIGHTS IN THE REAR INOP,1/15/19,,1/17/19,14818579,0,,Jan-19,121,1,FALSE,FALSE,FALSE,0,
199,FY18,18,WH8DAA,71-122,1011279723,NBC-0111-11,1004075302,PM01,1,,BAWS 4 PLU ASSEMBLY,6/19/18,,9/7/18,14818579,0,,Jun-18,122,6,FALSE,TRUE,FALSE,1,124
350,FY19,19,WH8DAA,71-121,1011279686,NBC-0109-11,1005308437,PM01,1,,DAP&SPG GIVING FALSE CHEM PROBE STATUS.,1/15/19,,1/29/19,14818579,0,,Jan-19,121,1,FALSE,FALSE,FALSE,0,
351,FY19,19,WH8DAA,71-121,1011279686,NBC-0109-11,1005308436,PM01,2,,ANVDR2 POWER CORD DAMAGED.,1/15/19,,2/13/19,14818579,0,,Jan-19,121,1,FALSE,FALSE,FALSE,0,
352,FY19,19,WH8DAA,71-121,1011279686,NBC-0109-11,1005308421,PM01,3,,LEFT THIRD AXLE HAS DIRTY HUB OIL.,1/15/19,,2/13/19,14818579,0,,Jan-19,121,1,FALSE,FALSE,FALSE,0,
353,FY19,19,WH8DAA,71-121,1011279686,NBC-0109-11,1005308425,PM01,2,,VC GROUNDING WIRE HATCH FRAYED.,1/15/19,,2/13/19,14818579,0,,Jan-19,121,1,FALSE,FALSE,FALSE,0,
190,FY18,18,WH8DAA,71-122,1011279723,NBC-0111-11,1004043414,PM01,1,,COLLECTOR ASSEMBLY,6/12/18,,6/14/18,14818579,0,,Jun-18,122,6,FALSE,FALSE,FALSE,0,
192,FY18,18,WH8DAA,71-122,1011279723,NBC-0111-11,1004043412,PM01,1,,FLUID TRANSFER SYST,6/12/18,,6/19/18,14818579,0,,Jun-18,122,6,FALSE,FALSE,FALSE,0,
356,FY19,19,WH8DAA,71-121,1011279686,NBC-0109-11,1005305720,PM01,2,,TOW WINCH CABLE BENT.,1/15/19,,3/7/19,14818579,0,,Jan-19,121,1,FALSE,FALSE,FALSE,0,
357,FY19,19,WH8DAA,71-121,1011279686,NBC-0109-11,1005308424,PM01,2,,FRONT MIDDLE DRAIN PLUG HAS OIL RESIDUE.,1/15/19,,5/30/19,14818579,0,,Jan-19,121,1,FALSE,FALSE,FALSE,0,
358,FY19,19,WH8DAA,71-112,1011279704,NBC-0110-11,1005305716,PM01,1,,LEFT SECOND TIRE MISSING SEALING ORING.,1/15/19,,3/13/19,14818579,1.84,,Jan-19,112,1,FALSE,FALSE,FALSE,0,
359,FY20,20,WH8DAA,71-111,1011279664,NBC-0108-11,1005308621,PM01,2,,ALL HATCH SEALS WORN.,1/15/19,,10/24/19,14818579,30.01,,Jan-19,111,1,FALSE,FALSE,FALSE,0,
360,FY19,19,WH8DAA,71-121,1011279686,NBC-0109-11,1005308435,PM01,1,,IWG IS OUT OF TOLERANCE.,1/15/19,,2/28/19,14818579,58.12,,Jan-19,121,1,FALSE,FALSE,FALSE,0,
361,FY19,19,WH8DAA,71-112,1011279704,NBC-0110-11,1005305717,PM01,2,,SMALL WIP ANT MISSING BALL.,1/15/19,,4/26/19,14818579,405.2,,Jan-19,112,1,FALSE,FALSE,FALSE,0,
367,FY19,19,WH8DAA,71-112,1011279704,NBC-0110-11,1005369822,PM01,1,,JBPDS F1 LINE INOP,1/24/19,,2/2/19,14818579,2095.46,,Jan-19,112,1,FALSE,TRUE,FALSE,1,
195,FY18,18,WH8DAA,71-111,1011279664,NBC-0108-11,1004058502,PM01,1,,RWS/FCU DOES NOT OPERATE,6/14/18,,7/18/18,14818579,1334,0,Jun-18,111,6,FALSE,FALSE,TRUE,1,439
364,FY19,19,WH8DAA,71-112,1011279704,NBC-0110-11,1005319334,PM01,1,,JSLSCAD INOP,1/16/19,,3/7/19,14818579,0,,Jan-19,112,1,FALSE,FALSE,FALSE,0,
365,FY19,19,WH8DAA,71-121,1011279686,NBC-0109-11,1005325112,PM01,2,,SPG WILL NOT COMMUNCATE WITH PRINTER.,1/17/19,,3/7/19,14818579,230,,Jan-19,121,1,FALSE,FALSE,FALSE,0,
139,FY18,18,WH8DAA,71-111,1011279664,NBC-0108-11,1003131331,PM01,1,,CBMS HOSE DISCONNECT BROKEN,1/25/18,,3/1/18,14818579,277,,Jan-18,111,1,TRUE,FALSE,FALSE,1,
152,FY18,18,WH8DAA,71-112,1011279704,NBC-0110-11,1003232339,PM01,1,,CBMS TURBO PUMP ERROR CODE 1003,2/8/18,,6/12/18,14818579,158199,,Feb-18,112,2,TRUE,FALSE,FALSE,1,313
368,FY19,19,WH8DAA,71-112,1011279704,NBC-0110-11,1005372962,PM01,1,,LCS Display Sreen Cracked,1/24/19,,2/2/19,14818579,18226,,Jan-19,112,1,FALSE,FALSE,FALSE,0,
187,FY18,18,WH8DAA,71-122,1011279723,NBC-0111-11,1004008599,PM01,1,,COLLECTOR ASSEMBLY,6/7/18,,6/12/18,14818579,0,,Jun-18,122,6,FALSE,FALSE,FALSE,0,
370,FY19,19,WH8DAA,71-111,1011279664,NBC-0108-11,1005409235,PM01,2,,SPACER RINGS,1/29/19,,6/21/19,14818579,4.5,,Jan-19,111,1,FALSE,FALSE,FALSE,0,
371,FY19,19,WH8DAA,71-111,1011279664,NBC-0108-11,1005409230,PM01,1,,TORN NONMETALLIC HOSE,1/29/19,,2/8/19,14818579,17.72,,Jan-19,111,1,FALSE,FALSE,FALSE,0,
188,FY18,18,WH8DAA,71-122,1011279723,NBC-0111-11,1004009061,PM01,1,,FLUID TRANSFER SYST,6/7/18,,6/12/18,14818579,0,,Jun-18,122,6,FALSE,FALSE,FALSE,0,
373,FY19,19,WH8DAA,71-111,1011279664,NBC-0108-11,1005409234,PM01,2,,ENVIRONMENTAL COVER STRAPS DAMAGED,1/29/19,,3/13/19,14818579,236,,Jan-19,111,1,FALSE,FALSE,FALSE,0,
374,FY19,19,WH8DAA,71-112,1011279704,NBC-0110-11,1005398538,PM01,2,,ENVIROMENTAL COVER STRAPS DAMAGED,1/29/19,,3/13/19,14818579,472,,Jan-19,112,1,FALSE,FALSE,FALSE,0,
375,FY19,19,WH8DAA,71-111,1011279664,NBC-0108-11,1005409231,PM01,1,,KEYBOARD MISSING KEYS,1/29/19,,3/7/19,14818579,708,,Jan-19,111,1,FALSE,FALSE,FALSE,0,
376,FY19,19,WH8DAA,71-112,1011279704,NBC-0110-11,1005421510,PM01,1,,Chem probe inop,1/31/19,,3/7/19,14818579,14478,,Jan-19,112,1,FALSE,FALSE,FALSE,0,
377,FY19,19,WH8DAA,71-112,1011279704,NBC-0110-11,1005487164,PM01,2,,HMS SEALS AND O-RINGS WORN,2/9/19,,3/7/19,14818579,3.28,,Feb-19,112,2,FALSE,FALSE,FALSE,0,
178,FY18,18,WH8DAA,71-122,1011279723,NBC-0111-11,1003891676,PM01,1,,CTIS INOP,5/21/18,,9/12/18,14818579,0,,May-18,122,5,FALSE,FALSE,FALSE,0,
379,FY19,19,WH8DAA,71-121,1011279686,NBC-0109-11,1005487162,PM01,1,,SLOW NITROGEN LEAK,2/9/19,,3/12/19,14818579,3.28,,Feb-19,121,2,FALSE,FALSE,FALSE,0,
380,FY19,19,WH8DAA,71-111,1011279664,NBC-0108-11,1005487165,PM01,2,,HMS SEALS AND O-RINGS WORN,2/9/19,,3/13/19,14818579,3.28,,Feb-19,111,2,FALSE,FALSE,FALSE,0,
381,FY19,19,WH8DAA,71-112,1011279704,NBC-0110-11,1005502340,PM01,2,,HMS MANIFOLD,2/12/19,,3/13/19,14818579,0.36,,Feb-19,112,2,FALSE,FALSE,FALSE,0,
382,FY19,19,WH8DAA,71-111,1011279664,NBC-0108-11,1005502622,PM01,2,,HMS MANIFOLD,2/12/19,,6/21/19,14818579,0.36,,Feb-19,111,2,FALSE,FALSE,FALSE,0,
383,FY19,19,WH8DAA,71-112,1011279704,NBC-0110-11,1005501847,PM01,1,,CLASS II COOLANT LEAK,2/12/19,,3/5/19,14818579,382,,Feb-19,112,2,FALSE,FALSE,FALSE,0,
384,FY19,19,WH8DAA,71-121,1011279686,NBC-0109-11,1005521768,PM01,2,,RWS SOFT MOUNT NUT AND BOLT MISSING,2/13/19,,3/13/19,14818579,74.45,,Feb-19,121,2,FALSE,FALSE,TRUE,1,
179,FY18,18,WH8DAA,71-122,1011279723,NBC-0111-11,1003891678,PM01,1,,ALL TIRES LOW TREAL,5/21/18,,9/20/18,14818579,0,,May-18,122,5,FALSE,FALSE,FALSE,0,
386,FY20,20,WH8DAA,71-112,1011279704,NBC-0110-11,1005525252,PM01,2,,DVR BIGHTNESS KNOB MISSING,2/14/19,,10/23/19,14818579,7.37,,Feb-19,112,2,FALSE,FALSE,FALSE,0,
387,FY19,19,WH8DAA,71-112,1011279704,NBC-0110-11,1005525251,PM01,2,,BRACET MOUNTING MISSING,2/14/19,,3/13/19,14818579,1474,,Feb-19,112,2,FALSE,FALSE,FALSE,0,
388,FY20,20,WH8DAA,71-111,1011279664,NBC-0108-11,1005525582,PM01,2,,CVS VACUUM PUMP,2/14/19,,10/24/19,14818579,2636.01,,Feb-19,111,2,FALSE,FALSE,FALSE,0,
389,FY19,19,WH8DAA,71-111,1011279664,NBC-0108-11,1005525253,PM01,2,,PRINTER,2/14/19,,5/3/19,14818579,5275,,Feb-19,111,2,FALSE,FALSE,FALSE,0,
390,FY19,19,WH8DAA,71-111,1011279664,NBC-0108-11,1005580206,PM01,2,,SERVAYER SPC CDROM INOP,2/23/19,,3/13/19,14818579,0,,Feb-19,111,2,FALSE,FALSE,FALSE,0,
84,FY18,18,WH8DAA,71-111,1011279664,NBC-0108-11,1002365689,PM01,1,,ICA BAWS STACK CLAMP (M),9/13/17,,10/12/17,14818579,1020,,Sep-17,111,9,FALSE,TRUE,FALSE,1,
392,FY19,19,WH8DAA,71-121,1011279686,NBC-0109-11,1005580210,PM01,2,,COLLECTOR DEGRADED,2/23/19,,3/13/19,14818579,0,,Feb-19,121,2,FALSE,FALSE,FALSE,0,
393,FY20,20,WH8DAA,71-111,1011279664,NBC-0108-11,1005580207,PM01,2,,SERVAYER HATCH SEAL DAMAGED,2/23/19,2/23/19,,14818579,28.11,,Feb-19,111,2,FALSE,FALSE,FALSE,0,
366,FY19,19,WH8DAA,71-111,1011279664,NBC-0108-11,1005369824,PM01,1,,JBPDS T5 LINE INOP,1/24/19,,2/2/19,14818579,1016,,Jan-19,111,1,FALSE,TRUE,FALSE,1,
395,FY19,19,WH8DAA,71-121,1011279686,NBC-0109-11,1005669667,PM01,1,,M88 ACADA INOP,3/7/19,,3/12/19,14818579,0,,Mar-19,121,3,FALSE,FALSE,FALSE,0,
396,FY19,19,WH8DAA,71-111,1011279664,NBC-0108-11,1005680444,PM01,1,,AIR DRIER DAMAGED,3/8/19,,4/24/19,14818579,591.4,,Mar-19,111,3,FALSE,FALSE,FALSE,0,
397,FY19,19,WH8DAA,71-112,1011279704,NBC-0110-11,1005711626,PM01,2,,HYDRAULIC JACK BROKEN,3/13/19,,3/13/19,14818579,0,,Mar-19,112,3,FALSE,FALSE,FALSE,0,
168,FY18,18,WH8DAA,71-122,1011279723,NBC-0111-11,1003276077,PM01,1,,JBPDS FLUID TRANSFER SYSTEM INOP,2/15/18,,4/12/18,14818579,0,,Feb-18,122,2,FALSE,TRUE,FALSE,1,
399,FY19,19,WH8DAA,71-111,1011279664,NBC-0108-11,1005711627,PM01,1,,FCU HOUSING ELECTRONIC COMP,3/13/19,,4/19/19,14818579,3597,,Mar-19,111,3,FALSE,FALSE,FALSE,0,
400,FY20,20,WH8DAA,71-121,1011279686,NBC-0109-11,1005722349,PM01,2,,REAR WINDOW HANDLE LOOSE,3/14/19,,10/3/19,14818579,7.12,,Mar-19,121,3,FALSE,FALSE,FALSE,0,
401,FY20,20,WH8DAA,71-121,1011279686,NBC-0109-11,1005722350,PM01,2,,HMS BLOWOFF VALVE WORN,3/14/19,,10/3/19,14818579,1111,,Mar-19,121,3,FALSE,FALSE,FALSE,0,
402,FY19,19,WH8DAA,71-111,1011279664,NBC-0108-11,1005835751,PM01,2,,STEERING DAMPER REPLACEMENT,3/30/19,,5/8/19,14818579,0,,Mar-19,111,3,FALSE,FALSE,FALSE,0,
403,FY19,19,WH8DAA,71-112,1011279704,NBC-0110-11,1005835752,PM01,2,,STEERING DAMPER REPLACEMENT,3/30/19,,5/8/19,14818579,0,,Mar-19,112,3,FALSE,FALSE,FALSE,0,
169,FY18,18,WH8DAA,71-122,1011279723,NBC-0111-11,1003276075,PM01,1,,JBPDS IDENTIFIER INOP,2/15/18,,4/12/18,14818579,0,,Feb-18,122,2,FALSE,TRUE,FALSE,1,
405,FY19,19,WH8DAA,71-121,1011279686,NBC-0109-11,1005835753,PM01,2,,STEERING DAMPER REPLACEMENT,3/30/19,,6/7/19,14818579,0,,Mar-19,121,3,FALSE,FALSE,FALSE,0,
406,FY19,19,WH8DAA,71-111,1011279664,NBC-0108-11,1005909756,PM01,1,,E-Brake liner valve damaged,4/9/19,,4/24/19,14818579,0,,Apr-19,111,4,FALSE,FALSE,FALSE,0,
407,FY20,20,WH8DAA,71-121,1011279686,NBC-0109-11,1005983370,PM01,1,,power pack inop,4/18/19,,10/3/19,14818579,74786.76,,Apr-19,121,4,FALSE,FALSE,FALSE,0,
408,FY20,20,WH8DAA,71-121,1011279686,NBC-0109-11,1005985055,PM01,1,,AFES Discharged.,4/19/19,,10/24/19,14818579,1814,,Apr-19,121,4,FALSE,FALSE,FALSE,0,
409,FY20,20,WH8DAA,71-121,1011279686,NBC-0109-11,1005985057,PM01,1,,HMS Manifold INOP,4/19/19,,10/3/19,14818579,7029.28,,Apr-19,121,4,FALSE,FALSE,FALSE,0,
410,FY19,19,WH8DAA,71-121,1011279686,NBC-0109-11,1006014813,PM01,1,,SIVE PACK,4/25/19,,6/4/19,14818579,0,,Apr-19,121,4,FALSE,FALSE,FALSE,0,
411,FY19,19,WH8DAA,71-121,1011279686,NBC-0109-11,1006122325,PM01,1,,jsLscad sem inop,5/9/19,,5/14/19,14818579,0,,May-19,121,5,FALSE,FALSE,FALSE,0,
412,FY19,19,WH8DAA,71-121,1011279686,NBC-0109-11,1006131332,PM01,1,,JSLSCAD SCANNER INOP,5/9/19,,5/14/19,14818579,0,,May-19,121,5,FALSE,FALSE,FALSE,0,
413,FY19,19,WH8DAA,71-121,1011279686,NBC-0109-11,1006122322,PM01,1,,dwss box inop,5/9/19,,5/22/19,14818579,0,,May-19,121,5,FALSE,FALSE,FALSE,0,
414,FY19,19,WH8DAA,71-121,1011279686,NBC-0109-11,1006122326,PM01,2,,DVE Display inop,5/9/19,,7/17/19,14818579,0,,May-19,121,5,FALSE,FALSE,FALSE,0,
270,FY19,19,WH8DAA,71-121,1011279686,NBC-0109-11,1004907669,PM01,1,,FTS INOP,10/30/18,,1/24/19,14818579,1016,,Oct-18,121,10,FALSE,TRUE,FALSE,1,
416,FY20,20,WH8DAA,71-121,1011279686,NBC-0109-11,1006122324,PM01,2,,rear hatch shocks worn,5/9/19,,10/3/19,14818579,760,,May-19,121,5,FALSE,FALSE,FALSE,0,
127,FY18,18,WH8DAA,71-122,1011279723,NBC-0111-11,1003125898,PM01,1,,NEEDS POL,1/25/18,,2/6/18,14818579,0,,Jan-18,122,1,FALSE,FALSE,FALSE,0,
136,FY18,18,WH8DAA,71-122,1011279723,NBC-0111-11,1003132871,PM01,1,,REAR BALLISTIC HANDLE BROKEN,1/25/18,,6/12/18,14818579,0,,Jan-18,122,1,FALSE,FALSE,FALSE,0,
419,FY19,19,WH8DAA,71-121,1011279686,NBC-0109-11,1006122323,PM01,2,,rear deck hatch handles damaged,5/9/19,,7/17/19,14818579,1249.57,,May-19,121,5,FALSE,FALSE,FALSE,0,
420,FY19,19,B25A0BMN,71-121,1011279686,NBC-0109-11,1006138900,PM01,2,,remove drain pluggs,5/10/19,,5/20/19,14818579,0,,May-19,121,5,FALSE,FALSE,FALSE,0,
116,FY18,18,WH8DAA,71-122,1011279723,NBC-0111-11,1002916262,PM01,1,,UDR-13 BOX INOP,12/11/17,,8/7/18,14818579,3217.64,,Dec-17,122,12,FALSE,FALSE,FALSE,0,
422,FY19,19,B25A0BMN,71-121,1011279686,NBC-0109-11,1006139742,PM01,2,,repair broken tong box tab,5/10/19,,6/25/19,14818579,0,,May-19,121,5,FALSE,FALSE,FALSE,0,
423,FY19,19,WH8DAA,71-121,1011279686,NBC-0109-11,1006160463,PM01,1,,jsLscad sem inop,5/14/19,,5/29/19,14818579,0,,May-19,121,5,FALSE,FALSE,FALSE,0,
424,FY19,19,B25A0BMN,71-111,1011279664,NBC-0108-11,1006188609,PM01,2,,drain plug seized,5/17/19,,5/20/19,14818579,0,,May-19,111,5,FALSE,FALSE,FALSE,0,
425,FY19,19,WH8DAA,71-121,1011279686,NBC-0109-11,1006201370,PM01,1,,DWSS BOX INOP,5/21/19,,8/13/19,14818579,17137,,May-19,121,5,FALSE,FALSE,FALSE,0,
113,FY18,18,WH8DAA,71-122,1011279723,NBC-0111-11,1002741564,PM01,1,,(M) DAGR POWER CABLE,11/14/17,,12/27/17,14818579,255.54,,Nov-17,122,11,FALSE,FALSE,FALSE,0,
107,FY18,18,WH8DAA,71-122,1011279723,NBC-0111-11,1002608716,PM01,1,,WATER PUMP BELT FRAYED,10/21/17,,11/9/17,14818579,16.89,,Oct-17,122,10,FALSE,FALSE,FALSE,0,
428,FY19,19,WH8DAA,71-111,1011279664,NBC-0108-11,2003254134,PM02,A,,AFQ-Annual,6/4/19,,6/4/19,14818579,0,,Jun-19,111,6,FALSE,FALSE,FALSE,0,
429,FY19,19,WH8DAA,71-111,1011279664,NBC-0108-11,1006310951,PM01,1,,TESTING ITEMS FOR M88,6/6/19,,7/17/19,14818579,202,,Jun-19,111,6,FALSE,FALSE,FALSE,0,
430,FY19,19,WH8DAA,71-121,1011279686,NBC-0109-11,1006310948,PM01,1,,TESTING ITEMS FOR M88,6/6/19,,7/17/19,14818579,202,,Jun-19,121,6,FALSE,FALSE,FALSE,0,
108,FY18,18,WH8DAA,71-122,1011279723,NBC-0111-11,1002608715,PM01,1,,CLASS III FROMT CRANKSHAFT SEAL,10/21/17,,11/9/17,14818579,44.19,,Oct-17,122,10,FALSE,FALSE,FALSE,0,
432,FY20,20,WH8DAA,71-112,1011279704,NBC-0110-11,1006310954,PM01,1,,TESTING ITEMS FOR M88,6/6/19,,10/23/19,14818579,202,,Jun-19,112,6,FALSE,FALSE,FALSE,0,
433,FY19,19,WH8DAA,71-111,1011279664,NBC-0108-11,1006405959,PM01,2,,TRANSFER CASE WONT GO INTO GEAR,6/20/19,,7/10/19,14818579,0,,Jun-19,111,6,FALSE,FALSE,FALSE,0,
106,FY18,18,WH8DAA,71-122,1011279723,NBC-0111-11,1002593715,PM01,1,,HMS INOP FD SOLENIOD UNSERVICEABLE,10/19/17,,11/9/17,14818579,712,,Oct-17,122,10,FALSE,FALSE,FALSE,0,
435,FY19,19,WH8DAA,71-111,1011279664,NBC-0108-11,1006555073,PM01,1,,RIGHT REAR BLACK OUT LIGHTS INOP,7/17/19,,7/18/19,14818579,0,,Jul-19,111,7,FALSE,FALSE,FALSE,0,
436,FY19,19,6XPA0BZ1,71-121,1011279686,NBC-0109-11,7000379235,PM07,1,0D0,ASSMNT FOR CORROSION REPAIR AND PAINT,7/17/19,,7/29/19,14818579,0,,Jul-19,121,7,FALSE,FALSE,FALSE,0,
437,FY20,20,WH8DAA,71-121,1011279686,NBC-0109-11,1006555785,PM01,1,0D0,CORROSION REPAIR AND PAINT,7/17/19,,10/1/19,14818579,0,,Jul-19,121,7,FALSE,FALSE,FALSE,0,
438,FY20,20,WH8DAA,71-121,1011279686,NBC-0109-11,1006555070,PM01,1,,ENGINE HOSE NONMETALLIC,7/17/19,,10/3/19,14818579,23.55,,Jul-19,121,7,FALSE,FALSE,FALSE,0,
439,FY20,20,WH8DAA,71-111,1011279664,NBC-0108-11,1006555077,PM01,2,,COALESCING FILTER,7/17/19,,10/24/19,14818579,331.76,,Jul-19,111,7,FALSE,FALSE,FALSE,0,
440,FY20,20,WH8DAA,71-111,1011279664,NBC-0108-11,1006555074,PM01,2,,ETHERNET PATCH CABLE NEEDS REPLACEMENT,7/17/19,,10/24/19,14818579,749.44,,Jul-19,111,7,FALSE,FALSE,FALSE,0,
441,FY20,20,WH8DAA,71-111,1011279664,NBC-0108-11,1006555076,PM01,2,,HMS SENSOR ASSEMBLY LEFT,7/17/19,,10/24/19,14818579,2505,,Jul-19,111,7,FALSE,FALSE,FALSE,0,
442,FY19,19,WH8DAA,71-121,1011279686,NBC-0109-11,1006575056,PM01,1,,DVE CAMERA INOP,7/18/19,,8/9/19,14818579,10482,,Jul-19,121,7,FALSE,FALSE,FALSE,0,
443,FY20,20,WH8DAA,71-121,1011279686,NBC-0109-11,1006601017,PM01,1,,SERVICES POL TES-295,7/23/19,,10/3/19,14818579,0,,Jul-19,121,7,FALSE,FALSE,FALSE,0,
444,FY20,20,WH8DAA,71-121,1011279686,NBC-0109-11,1006601015,PM01,1,,SERVICES POL 75W90,7/23/19,,10/3/19,14818579,0,,Jul-19,121,7,FALSE,FALSE,FALSE,0,
445,FY20,20,WH8DAA,71-121,1011279686,NBC-0109-11,1006601542,PM01,1,,SERVICES POL 15W40,7/23/19,,10/3/19,14818579,0,,Jul-19,121,7,FALSE,FALSE,FALSE,0,
446,FY20,20,WH8DAA,71-111,1011279664,NBC-0108-11,1006659668,PM01,2,,KEYBOARD DATA ENTRY DAMAGED,7/31/19,7/31/19,,14818579,0,,Jul-19,111,7,FALSE,FALSE,FALSE,0,
447,FY20,20,WH8DAA,71-121,1011279686,NBC-0109-11,1006659772,PM01,1,,SUSPENSION AND DIFFERENTIAL INOP,7/31/19,,10/3/19,14818579,1.23,,Jul-19,121,7,FALSE,FALSE,FALSE,0,
448,FY20,20,WH8DAA,71-121,1011279686,NBC-0109-11,1006659773,PM01,1,,AIR VALVE INOP,7/31/19,,10/3/19,14818579,154.02,,Jul-19,121,7,FALSE,FALSE,FALSE,0,
449,FY20,20,WH8DAA,71-112,1011279704,NBC-0110-11,1006839189,PM01,2,,VET TOUCHSCREEN INOP,8/23/19,,10/24/19,14818579,11552,,Aug-19,112,8,FALSE,FALSE,FALSE,0,
450,FY20,20,6XPA0BZ1,71-121,1011279686,NBC-0109-11,7000403025,PM07,2,0D0,CORROSION & PAINT,9/6/19,,10/1/19,14818579,0,,Sep-19,121,9,FALSE,FALSE,FALSE,0,
451,FY19,19,WH8DAA,71-112,1011279704,NBC-0110-11,2003650960,PM02,A,,AFQ-Annual,9/24/19,,9/24/19,14818579,0,,Sep-19,112,9,FALSE,FALSE,FALSE,0,
452,FY19,19,WH8DAA,71-112,1011279704,NBC-0110-11,1007062398,PM01,2,,TRANSMISSION OIL SAMPLE,9/25/19,,9/25/19,14818579,0,,Sep-19,112,9,FALSE,FALSE,FALSE,0,
453,FY20,20,WH8DAA,71-121,1011279686,NBC-0109-11,1007115001,PM01,3,,9-2355-326-50-1,10/4/19,,10/4/19,14818579,0,,Oct-19,121,10,FALSE,FALSE,FALSE,0,
454,FY20,20,WH8DAA,71-121,1011279686,NBC-0109-11,1007115011,PM01,2,,HMS Air transport box,10/4/19,,1/23/20,14818579,502,,Oct-19,121,10,FALSE,FALSE,FALSE,0,
93,FY18,18,WH8DAA,71-122,1011279723,NBC-0111-11,1002537022,PM01,1,,DAGR POWER CORD TORN,10/10/17,,1/22/18,14818579,108.15,,Oct-17,122,10,FALSE,FALSE,FALSE,0,
94,FY18,18,WH8DAA,71-122,1011279723,NBC-0111-11,1002537023,PM01,1,,TONGS BROKEN,10/10/17,,1/22/18,14818579,1038,,Oct-17,122,10,FALSE,FALSE,FALSE,0,
457,FY20,20,WH8DAA,71-121,1011279686,NBC-0109-11,2003703992,PM02,A,,AFQ-Annual,10/8/19,,10/8/19,14818579,0,,Oct-19,121,10,FALSE,FALSE,FALSE,0,
458,FY20,20,WH8DAA,71-121,1011279686,NBC-0109-11,1007154767,PM01,2,,Hydraulic hose inop,10/10/19,,10/16/19,14818579,0,,Oct-19,121,10,FALSE,FALSE,FALSE,0,
459,FY20,20,WH8DAA,71-121,1011279686,NBC-0109-11,1007154770,PM01,2,,Engine mounting bolts,10/10/19,,1/23/20,14818579,0,,Oct-19,121,10,FALSE,FALSE,FALSE,0,
460,FY20,20,WH8DAA,71-121,1011279686,NBC-0109-11,1007154771,PM01,2,,Jack Shaft bolts,10/10/19,,10/23/19,14818579,3.51,,Oct-19,121,10,FALSE,FALSE,FALSE,0,
461,FY20,20,WH8DAA,71-121,1011279686,NBC-0109-11,1007154769,PM01,2,,W72 Cable inop,10/10/19,,11/6/19,14818579,224,,Oct-19,121,10,FALSE,FALSE,FALSE,0,
462,FY20,20,WH8DAA,71-121,1011279686,NBC-0109-11,1007154768,PM01,2,,W74 Cable inop,10/10/19,,10/23/19,14818579,493,,Oct-19,121,10,FALSE,FALSE,FALSE,0,
463,FY20,20,WH8DAA,71-121,1011279686,NBC-0109-11,1007154765,PM01,2,,Power assist,10/10/19,,10/23/19,14818579,580,,Oct-19,121,10,FALSE,FALSE,FALSE,0,
464,FY20,20,WH8DAA,71-121,1011279686,NBC-0109-11,1007154766,PM01,2,,Engine access panel,10/10/19,,10/24/19,14818579,5102.74,,Oct-19,121,10,FALSE,FALSE,FALSE,0,
465,FY20,20,WH8DAA,71-121,1011279686,NBC-0109-11,1007225502,PM01,1,,CHEM PROP INOP,10/22/19,,1/14/20,14818579,13435,,Oct-19,121,10,FALSE,FALSE,FALSE,0,
466,FY20,20,WH8DAA,71-111,1011279664,NBC-0108-11,1007225953,PM01,1,,Vet Touchscreen inop,10/23/19,,10/23/19,14818579,0,,Oct-19,111,10,FALSE,FALSE,FALSE,0,
467,FY20,20,WH8DAA,71-121,1011279686,NBC-0109-11,1007225746,PM01,1,,Rotary assist washer leaking,10/23/19,,11/6/19,14818579,0.59,,Oct-19,121,10,FALSE,FALSE,FALSE,0,
468,FY20,20,WH8DAA,71-121,1011279686,NBC-0109-11,1007236210,PM01,1,,Vet Touchscreen inop,10/23/19,,11/21/19,14818579,43139,,Oct-19,121,10,FALSE,FALSE,FALSE,0,
469,FY20,20,WH8DAA,71-121,1011279686,NBC-0109-11,1007272075,PM01,1,,TIRES DAMAGED,10/29/19,,11/5/19,14818579,11880,,Oct-19,121,10,FALSE,FALSE,FALSE,0,
470,FY20,20,WH8DAA,71-111,1011279664,NBC-0108-11,1007320905,PM01,1,,BLOWN OUT TIRE,11/5/19,,11/19/19,14818579,2970,,Nov-19,111,11,FALSE,FALSE,FALSE,0,
471,FY20,20,WH8DAA,71-121,1011279686,NBC-0109-11,1007363116,PM01,1,,PULLY TENSIONER INOP,11/13/19,,12/10/19,14818579,204.79,,Nov-19,121,11,FALSE,FALSE,FALSE,0,
472,FY20,20,WH8DAA,71-121,1011279686,NBC-0109-11,1007374766,PM01,1,,DIFFERENTIAL WASHER INOP,11/14/19,,11/19/19,14818579,0,,Nov-19,121,11,FALSE,FALSE,FALSE,0,
473,FY20,20,WH8DAA,71-121,1011279686,NBC-0109-11,1007374767,PM01,1,,DIFFERENTIAL DRAIN WASHER INOP,11/14/19,,11/19/19,14818579,0,,Nov-19,121,11,FALSE,FALSE,FALSE,0,
474,FY20,20,WH8DAA,71-121,1011279686,NBC-0109-11,1007374500,PM01,1,,PULLEY WASHER INOP,11/14/19,,12/12/19,14818579,2.28,,Nov-19,121,11,FALSE,FALSE,FALSE,0,
475,FY20,20,WH8DAA,71-121,1011279686,NBC-0109-11,1007374963,PM01,1,,PULLY DAMAGED,11/14/19,,12/10/19,14818579,120,,Nov-19,121,11,FALSE,FALSE,FALSE,0,
476,FY20,20,WH8DAA,71-121,1011279686,NBC-0109-11,1007374966,PM01,1,,TIRE DAMAGED,11/14/19,,11/21/19,14818579,2970,,Nov-19,121,11,FALSE,FALSE,FALSE,0,
477,FY20,20,WH8DAA,71-121,1011279686,NBC-0109-11,1007374764,PM01,1,,#4 CLASSII DIFFERENTIAL LEAK,11/14/19,,12/12/19,14818579,14309.43,,Nov-19,121,11,FALSE,FALSE,FALSE,0,
478,FY20,20,WH8DAA,71-121,1011279686,NBC-0109-11,1007376415,PM01,2,,"SEALING, COMPOUND LOCK TITE INOP",11/15/19,,1/23/20,14818579,0,,Nov-19,121,11,FALSE,FALSE,FALSE,0,
91,FY18,18,WH8DAA,71-122,1011279723,NBC-0111-11,1002485484,PM01,1,,TONG GRABBER BROKEN,9/28/17,,1/22/18,14818579,1038,,Sep-17,122,9,FALSE,FALSE,FALSE,0,
78,FY18,18,WH8DAA,71-122,1011279723,NBC-0111-11,1002365945,PM01,1,,(R) CLAMSHELL DOOR SEAL TORN,9/13/17,,10/19/17,14818579,0,,Sep-17,122,9,FALSE,FALSE,FALSE,0,
79,FY18,18,WH8DAA,71-122,1011279723,NBC-0111-11,1002365946,PM01,1,,AFES SAFETY SEAL BROKEN,9/13/17,,10/10/17,14818579,1.8,,Sep-17,122,9,FALSE,FALSE,FALSE,0,
77,FY18,18,WH8DAA,71-122,1011279723,NBC-0111-11,1002365947,PM01,1,,ICA BAWS CLAMP (M),9/13/17,,10/19/17,14818579,0,,Sep-17,122,9,FALSE,TRUE,FALSE,1,69
483,FY20,20,WH8DAA,71-122,1011279723,NBC-0111-11,2003879146,PM02,A,,AFQ-Annual,11/27/19,,12/3/19,14818579,0,,Nov-19,122,11,FALSE,FALSE,FALSE,0,
484,FY20,20,WH8DAA,71-121,1011279686,NBC-0109-11,1007694151,PM01,1,,Collector assembly,1/13/20,,1/13/20,14818579,0,,Jan-20,121,1,FALSE,FALSE,FALSE,0,
64,FY18,18,WH8DAA,71-122,1011279723,NBC-0111-11,1002335960,PM01,1,,HMS DOES NOT FUNCTION PROPERLY,9/7/17,,10/19/17,14818579,0,,Sep-17,122,9,FALSE,FALSE,FALSE,0,
61,FY17,17,WH8DAA,71-122,1011279723,NBC-0111-11,1002251556,PM01,1,,HMS DOESN'T OPERATE,8/23/17,,9/7/17,14818579,0,,Aug-17,122,8,FALSE,FALSE,FALSE,0,
487,FY20,20,WH8DAA,71-112,1011279704,NBC-0110-11,1007694147,PM01,1,,Fluid transfer system,1/13/20,,1/14/20,14818579,0,,Jan-20,112,1,FALSE,FALSE,FALSE,0,
56,FY17,17,WH8DAA,71-122,1011279723,NBC-0111-11,1002156999,PM01,2,,LOCKING PIN MISSING ON RWS,8/10/17,,9/13/17,14818579,0,,Aug-17,122,8,FALSE,FALSE,TRUE,1,131
489,FY20,20,WH8DAA,71-112,1011279704,NBC-0110-11,1007694149,PM01,1,,Collector assembly,1/13/20,,1/23/20,14818579,0,,Jan-20,112,1,FALSE,FALSE,FALSE,0,
54,FY17,17,WH8DAA,71-122,1011279723,NBC-0111-11,1001959639,PM01,1,,REAR BALLISTIC WINDOW INOP,7/6/17,,9/12/17,14818579,0,,Jul-17,122,7,FALSE,FALSE,FALSE,0,
53,FY17,17,WH8DAA,71-122,1011279723,NBC-0111-11,1001959638,PM01,1,,JBPDS NOT SECURE,7/6/17,,9/12/17,14818579,0,,Jul-17,122,7,FALSE,TRUE,FALSE,1,96
45,FY17,17,WH8DAA,71-122,1011279723,NBC-0111-11,1001768621,PM01,1,,CTIS AIRHOSE LEAKS,5/31/17,,9/12/17,14818579,0,,May-17,122,5,FALSE,FALSE,FALSE,0,
71,FY18,18,WH8DAA,71-112,1011279704,NBC-0110-11,1002365424,PM01,1,,(M) T-6 LINE IN JBPDS,9/12/17,,10/10/17,14818579,37.05,,Sep-17,112,9,FALSE,TRUE,FALSE,1,
46,FY17,17,WH8DAA,71-122,1011279723,NBC-0111-11,1001768622,PM01,1,,AFES BROKEN SAFETY SEAL,5/31/17,,9/12/17,14818579,0,,May-17,122,5,FALSE,FALSE,FALSE,0,
495,FY20,20,WH8DAA,71-112,1011279704,NBC-0110-11,1007706388,PM01,1,, Fluid transfer system,1/14/20,,1/23/20,14818579,28872,,Jan-20,112,1,FALSE,FALSE,FALSE,0,
32,FY17,17,WH8DAA,71-122,1011279723,NBC-0111-11,1001573403,PM01,2,,R/S MARKER LIGHT MISSING,4/20/17,,9/12/17,14818579,0,,Apr-17,122,4,FALSE,FALSE,FALSE,0,
30,FY17,17,WH8DAA,71-122,1011279723,NBC-0111-11,1001554903,PM01,1,,ARMOR PLATES BUBBLED,4/18/17,,5/8/17,14818579,11409,,Apr-17,122,4,FALSE,FALSE,FALSE,0,
498,FY20,20,WH8DAA,71-112,1011279704,NBC-0110-11,1007757901,PM01,1,,Collector assembly inop,1/23/20,,2/19/20,14818579,0,,Jan-20,112,1,FALSE,FALSE,FALSE,0,
499,FY20,20,WH8DAA,71-112,1011279704,NBC-0110-11,1007757902,PM01,1,,Fluid transfer system inop,1/23/20,,2/19/20,14818579,0,,Jan-20,112,1,FALSE,FALSE,FALSE,0,
17,FY17,17,WH8DAA,71-122,1011279723,NBC-0111-11,1000933721,PM01,2,,NITROGEN NEEDED FOR MAINTENANCE,11/3/16,,9/13/17,14818579,0,,Nov-16,122,11,FALSE,FALSE,FALSE,0,
21,FY17,17,WH8DAA,71-122,1011279723,NBC-0111-11,1000933460,PM01,2,,STRYKER CANOPY MISSING,11/3/16,,5/3/17,14818579,9040.19,,Nov-16,122,11,FALSE,FALSE,FALSE,0,
502,FY20,20,WH8DAA,71-111,1011279664,NBC-0108-11,1007757635,PM01,2,,Vial assembly inop,1/23/20,1/23/20,,14818579,443,,Jan-20,111,1,FALSE,FALSE,FALSE,0,
503,FY20,20,WH8DAA,71-121,1011279686,NBC-0109-11,1007757628,PM01,2,,Vial assembly inop,1/23/20,1/23/20,,14818579,443,,Jan-20,121,1,FALSE,FALSE,FALSE,0,
504,FY20,20,WH8DAA,71-121,1011279686,NBC-0109-11,1007757631,PM01,2,,Vial Calibration inop,1/23/20,1/23/20,,14818579,459,,Jan-20,121,1,FALSE,FALSE,FALSE,0,
505,FY20,20,WH8DAA,71-112,1011279704,NBC-0110-11,1007798543,PM01,2,,Vial Calibration inop,1/28/20,1/28/20,,14818579,0,,Jan-20,112,1,FALSE,FALSE,FALSE,0,
10,FY17,17,WH8DAA,71-122,1011279723,NBC-0111-11,1000861046,PM01,3,,R/S REAR MARKER LIGHT M,10/13/16,,4/20/17,14818579,43.72,,Oct-16,122,10,FALSE,FALSE,FALSE,0,
507,FY20,20,WH8DAA,71-121,1011279686,NBC-0109-11,1007810197,PM01,1,,Missing Mounting bolt,1/29/20,,2/19/20,14818579,15,,Jan-20,121,1,FALSE,FALSE,FALSE,0,
508,FY20,20,WH8DAA,71-121,1011279686,NBC-0109-11,1007810195,PM01,2,,Correct hydraulic hose needed,1/29/20,,2/20/20,14818579,70.48,,Jan-20,121,1,FALSE,FALSE,FALSE,0,
509,FY20,20,WH8DAA,71-121,1011279686,NBC-0109-11,1007843151,PM01,1,,Rear service brake air leak,2/4/20,2/4/20,,14818579,0,,Feb-20,121,2,FALSE,FALSE,FALSE,0,
510,FY20,20,WH8DAA,71-121,1011279686,NBC-0109-11,1007843152,PM01,1,,Hydranlic leak from rotary assist,2/4/20,2/4/20,,14818579,0.59,,Feb-20,121,2,FALSE,FALSE,FALSE,0,
511,FY20,20,WH8DAA,71-111,1011279664,NBC-0108-11,1007908959,PM01,2,,Vial Calibration inop,2/11/20,,2/19/20,14818579,0,,Feb-20,111,2,FALSE,FALSE,FALSE,0,
512,FY20,20,WH8DAA,71-111,1011279664,NBC-0108-11,1007909102,PM01,2,,Vial Assembly inop,2/11/20,,2/19/20,14818579,0,,Feb-20,111,2,FALSE,FALSE,FALSE,0,
1,FY17,17,WH8DAA,71-122,1011279723,NBC-0111-11,1000841164,PM01,1,,FRONT LEFT TIRE LEAKING FLUID,10/3/16,,10/7/16,14818579,1785,,Oct-16,122,10,FALSE,FALSE,FALSE,0,
514,FY19,19,NA,NA,NA,NA,NA,NA,NA,NA,LCS Computer,NA,NA,NA,NA,20362,,Oct-19,NA,10,FALSE,FALSE,FALSE,0,
515,FY19,19,NA,NA,NA,NA,NA,NA,NA,NA,LCS Display,NA,NA,NA,NA,18226,,Oct-19,NA,10,FALSE,FALSE,FALSE,0,
516,FY19,19,NA,NA,NA,NA,NA,NA,NA,NA,FTS,NA,NA,NA,NA,29866,,Oct-19,NA,10,FALSE,TRUE,FALSE,1,
517,FY19,19,NA,NA,NA,NA,NA,NA,NA,NA,FL1 Tube,NA,NA,NA,NA,2095.46,,Oct-19,NA,10,FALSE,FALSE,FALSE,0,
518,FY19,19,NA,NA,NA,NA,NA,NA,NA,NA,T5,NA,NA,NA,NA,1016,,Oct-19,NA,10,FALSE,FALSE,FALSE,0,
519,FY19,19,NA,NA,NA,NA,NA,NA,NA,NA,Keyboard,NA,NA,NA,NA,1436.88,,Oct-19,NA,10,FALSE,FALSE,FALSE,0,
520,FY19,19,NA,NA,NA,NA,NA,NA,NA,NA,JSLSCAD SIM,NA,NA,NA,NA,224261,,Oct-19,NA,10,FALSE,FALSE,FALSE,0,
521,FY19,19,NA,NA,NA,NA,NA,NA,NA,NA,JSLSCAD Scanner,NA,NA,NA,NA,192864,,Oct-19,NA,10,FALSE,FALSE,FALSE,0,
522,FY19,19,NA,NA,NA,NA,NA,NA,NA,NA,Ground Probe,NA,NA,NA,NA,64734,,Oct-19,NA,10,FALSE,FALSE,FALSE,0,
523,FY19,19,NA,NA,NA,NA,NA,NA,NA,NA,CBMS Block,NA,NA,NA,NA,331575,,Oct-19,NA,10,TRUE,FALSE,FALSE,1,913
524,FY19,19,NA,NA,NA,NA,NA,NA,NA,NA,Carrier Cards,NA,NA,NA,NA,50218.35,,Oct-19,NA,10,FALSE,FALSE,FALSE,0,
,,,,,,,,,,,,,,,,,,,,,,,,,
,,,,,,,,,,,,,,,,,,,,,,,,,
,,,,,,,,,,,,,,,,,,,,,,,,,
,,,,,,,,,,,,,,,,,,,,,,,,,
,,,,,,,,,,,,,,,,,,,,,,,,,
,,,,,,,,,,,,,,,,,,,,,,,,,
,,,,,,,,,,,,,,,,,,,,,,,,,
,,,,,,,,,,,,,,,,,,,,,,,,,
,,,,,,,,,,,,,,,,,,,,,,,,,
,,,,,,,,,,,,,,,,,,,,,,,,,
,,,,,,,,,,,,,,,,,,,,,,,,,
,,,,,,,,,,,,,,,,,,,,,,,,,
,,,,,,,,,,,,,,,,,,,,,,,,,
,,,,,,,,,,,,,,,,,,,,,,,,,
,,,,,,,,,,,,,,,,,,,,,,,,Apr-17,